"velo","horz_break","vert_break","spin_rate"
96.5,-0.4274,1.4193,2233
98,-0.4037,1.4747,2346
87.7,-0.9222,1.0514,1568
89.2,-1.3025,0.573,1479
97.5,-0.3239,1.5167,2285
97.8,-0.7597,1.2842,2204
98.5,-0.473,1.3766,2301
97.9,-0.4191,1.4639,2264
88.3,-0.9178,0.8082,1698
87.9,1.3173,-0.0141,3020
86,-0.7327,1.2063,1649
97.8,-0.5698,1.3347,2320
89.2,-0.8695,0.9772,1608
98.1,-0.7325,1.2137,2311
88.5,-0.647,1.2467,1605
98.6,-0.6082,1.5675,2361
88.4,0.7213,-0.2296,2820
86,-0.6037,1.309,1578
98.3,-0.5552,1.3665,2384
91.4,-1.661,0.5119,1890
96.8,-0.3324,1.4011,2332
90.5,-0.8875,0.7344,1456
89.8,-1.0599,0.5944,1485
88.4,0.9089,-0.3298,2775
96.9,-0.2773,1.2864,2179
87.1,1.0369,-0.321,2898
98.5,-0.2604,1.3985,2317
90.1,-1.1264,0.4213,1510
97.6,-0.2641,1.1506,2423
88.7,0.7785,-0.2962,2903
86.8,0.8525,-0.4609,2838
97.5,-0.5509,1.5415,2361
88.7,-1.3203,0.6992,1515
96.5,-0.1889,1.3101,2228
97.9,-0.4301,1.3891,2338
89.2,0.8938,-0.1994,2868
86.7,0.8982,-0.3038,2743
95.8,-0.4146,1.2469,2204
96.4,-0.5995,1.3411,2163
86.7,0.8308,-0.4877,2796
87.6,0.9244,-0.3468,2935
97.9,-0.4704,1.2759,2333
97.7,-0.1712,1.3182,2286
97.6,-0.4223,1.5314,2313
96.5,-0.1594,1.3761,2358
89.1,0.9106,-0.0766,2775
96.4,-0.2864,1.2149,2340
88.8,-1.1305,0.8765,1645
87.8,0.8142,-0.2151,2747
87.4,0.7924,-0.1859,2820
95.7,-0.3851,1.5088,2234
96.4,-0.6396,1.5236,2293
88.4,0.8856,-0.5299,3004
96.5,-0.6527,1.2461,2370
95.7,-0.5841,1.3743,2242
95.1,-0.1811,1.463,2361
94.2,-0.4278,1.6086,2383
99,-0.4014,1.3474,2425
98.5,-0.4091,1.5491,2426
98.9,-0.6362,1.311,2505
89.8,-1.3126,0.6727,1629
98.5,-0.5911,1.4081,2480
89.5,0.8337,0.2394,2891
90,-1.2923,0.4537,1640
97.3,-0.2056,1.3862,2353
90.3,-1.0749,0.8611,1602
97.7,-0.4105,1.4534,2370
88.4,-1.1196,1.0537,1719
88.8,0.9269,-0.1591,NA
97.8,-0.5284,1.4336,2299
89.3,0.8604,-0.4258,2813
97.6,-0.5043,1.2929,2365
96.6,-0.3954,1.4113,2305
88.9,0.7195,-0.2537,NA
97.4,-0.6229,1.2739,2398
87.4,0.7121,-0.1413,2823
97.8,-0.5181,1.4365,2321
89.3,0.8,-0.0474,2928
89.3,0.8311,-0.3134,2927
88,0.639,-0.0639,2738
86.5,-0.8833,0.9994,1672
97.9,-0.7033,1.4107,2515
88.1,0.6687,-0.2227,2872
90.5,0.4671,0.0384,2729
87.5,0.772,-0.1359,2760
97.4,-0.5748,1.4648,2419
96.6,-0.6418,1.6142,2420
96,-0.3502,1.6116,2418
96.4,-0.5369,1.5492,2442
97.1,-0.4531,1.3549,2339
86.4,1.253,-0.1751,2869
97.2,-0.4485,1.2937,2526
96.9,-0.3924,1.4316,2506
97.5,-0.7809,1.3433,2388
96.1,-0.566,1.5794,2414
96,-0.587,1.4559,2316
95,-0.5564,1.4419,2453
85.7,1.084,-0.5006,2736
87.6,0.7813,-0.3107,2805
97.6,-0.1707,1.2527,2239
88.4,1.1356,-0.1705,2947
95.9,-0.3504,1.24,2167
86.4,1.1174,-0.5522,2876
86.7,0.7952,-0.1712,2768
97.3,-0.2262,1.1753,2239
98.2,-0.1258,1.2586,2214
88.9,-0.9377,0.7023,1542
98.2,0.041,1.2249,2261
87.4,-0.6751,0.9507,1559
89,-0.8823,0.7675,1478
98.1,-0.4348,1.1822,2227
98.5,-0.3567,1.2684,2357
98.3,-0.2345,1.1295,2326
97.6,-0.1464,1.2895,2261
97.3,-0.2624,1.097,2278
96.8,-0.4048,1.3795,2292
87.6,-0.5282,1.2075,3344
97.7,-0.151,1.2731,2319
97.5,-0.242,1.262,2317
98,-0.4509,1.3685,2280
86.6,1.1834,-0.3926,2824
88,1.1091,-0.6093,2979
97.4,-0.3259,1.2797,2264
98.7,-0.1301,1.2868,2215
87.9,0.7309,-0.2146,2760
98.5,-0.1395,1.3548,2291
89.9,-0.7692,0.9871,1499
89.6,0.7106,-0.084,NA
90.2,-1.0371,0.9285,1496
89.5,-1.1011,0.5619,1597
97.7,-0.1817,1.4016,2327
97.7,-0.3999,1.3149,2246
88.8,-1.3157,0.0248,2014
97.9,-0.1833,1.3846,2222
87.2,-1.0167,0.8572,1516
86.1,0.922,-0.3475,2887
87.1,0.845,-0.1397,2765
87.8,-0.7769,1.166,1572
98.3,-0.2718,1.3701,2271
87.5,-0.6336,0.9728,1693
98.6,-0.2883,1.1147,2343
98.4,-0.0961,1.3143,2338
97.8,-0.3405,1.2515,2300
90.6,-1.0116,1.066,1634
90.7,0.5909,0.0414,NA
97.8,-0.4557,1.4132,2234
88.7,0.8528,-0.2388,NA
99.5,-0.2759,1.3361,2294
98.3,-0.2009,1.2257,2206
87.6,0.8258,-0.2863,2680
98.4,-0.2364,1.2516,2280
89.2,0.617,-0.0037,NA
87.3,0.8452,-0.3638,2883
87,0.6534,-0.4229,NA
98,-0.2238,1.2933,2236
87,0.6444,-0.3266,2743
88.5,-0.7916,0.9186,1498
98.5,-0.0938,1.133,2226
86.6,0.6661,-0.2869,2757
96.7,-0.3856,1.3231,2095
96.8,-0.1631,1.3555,2230
97,-0.3495,1.1902,2302
NA,NA,NA,NA
88.2,0.9861,-0.141,NA
97.6,-0.4001,1.4307,2270
82,1.0285,-0.9101,2958
97.6,-0.3142,1.2469,2302
97.8,-0.4085,1.362,2279
91.5,-0.8268,0.8451,1599
96.9,-0.3201,1.4555,2244
90.7,0.4059,0.1736,2381
87.8,0.6007,-0.1968,2768
91.7,-1.2733,0.5683,1531
86.8,0.6668,-0.2701,2898
88.4,0.7162,-0.2956,2807
87,0.7183,-0.384,2797
90.8,0.303,0.746,2310
90.3,-1.2926,0.8275,1871
90,0.6119,-0.018,NA
96,-0.6726,1.3609,2301
86.1,0.9395,-0.6132,3060
86,0.7045,-0.4201,2867
95.8,-0.7368,1.4073,2419
97.4,-0.3222,1.3274,2404
93.9,-0.1469,1.4203,2326
95.9,-0.169,1.533,2304
90.4,-1.207,0.7697,1608
90.3,-1.079,1.0804,1606
96.8,-0.5273,1.3385,2246
87.7,0.5358,-0.2498,NA
85.5,0.9739,-0.4789,2916
85.4,1.2053,-0.6879,2988
86.7,0.7781,-0.3854,2777
98.4,-0.5801,1.2869,2241
90,-0.8135,1.0372,1700
95.6,-0.7443,1.5394,2287
95.2,-0.5828,1.453,2315
97,-0.5414,1.3326,2389
89.7,-1.1373,0.7887,1671
88.9,-0.9001,1.133,1654
95,-0.8432,1.5384,2312
95.4,-0.5311,1.4699,2305
95.4,-0.7812,1.4211,2335
96.4,-0.4049,1.4668,2360
88.9,-0.8489,1.4238,1600
95,-0.6142,1.577,2184
98.8,0.0186,1.5084,2469
99.6,-0.3072,1.2119,2304
88.3,1.1511,0.1419,2964
87.2,0.8637,-0.3183,2824
92.2,-0.8075,0.6762,1667
99.5,-0.4298,1.4051,2462
85.6,0.996,-0.7937,2900
85.7,1.0058,-0.6214,2938
99.2,-0.3577,1.2482,2350
88.3,1.1931,0.0519,2955
86.2,1.0675,0.0455,2848
97.8,-0.501,1.2721,2340
97.1,-0.3798,1.0403,2345
97.3,-0.33,1.086,2371
98.1,-0.5648,1.033,2205
89.3,-0.5731,0.9008,1555
97.8,-0.2894,1.3609,2381
98.3,-0.571,1.1034,2259
97.5,-0.2328,1.1083,2305
99.4,-0.2358,0.9943,2316
90.3,-0.7883,0.9322,1609
97.2,-0.5623,1.2854,2261
86.4,0.9597,-0.5849,2942
85.7,1.4429,-0.2118,3011
86,0.8665,-0.4037,2860
96.2,-0.2221,1.0931,2296
87.4,0.9943,-0.1281,3079
87.9,0.9603,-0.079,2965
98.1,-0.5515,1.3199,2404
91,-0.9509,0.8744,1623
99,-0.6744,1.3768,2393
90.4,-0.9109,0.7681,1600
86,0.9148,-0.3592,2978
90,-0.7514,0.8242,1602
84.9,0.9509,-0.4568,2918
86.5,1.1581,-0.1562,2949
98.3,-0.4563,1.1361,2417
91.7,-0.9609,0.5475,1642
87.4,1.1631,-0.3964,3084
98.1,-0.4673,1.1816,2461
98.2,-0.3031,1.1983,2467
89.7,-0.8631,0.5781,1516
87.4,0.8794,-0.3533,2987
87.8,0.7723,-0.1877,NA
87.7,0.9308,-0.2133,2929
97.7,-0.0734,1.2111,2285
97,-0.2886,1.2817,2260
89.4,-0.7701,0.8476,1576
85.8,0.9093,-0.2989,3091
87.7,0.6032,-0.076,NA
97.6,-0.3138,1.0498,2287
90.2,-0.8107,0.8607,1640
98,-0.3355,1.1353,2395
88.2,0.8893,-0.565,2944
87.3,0.8109,-0.3529,2876
98.5,-0.1076,1.2104,2270
98.4,-0.1116,1.1162,2299
88.9,-0.8284,0.9734,1602
88.6,0.8855,-0.1658,2820
88.2,-1.1638,0.6703,1654
89.2,0.7538,-0.2529,NA
99,-0.5279,1.2329,2440
89.6,0.8095,-0.1989,2892
98.6,-0.3997,1.3098,2342
89.7,-0.9585,0.7943,1550
98.3,-0.3479,1.3119,2308
90.7,-1.0578,0.6174,1642
97.4,-0.0442,1.218,2356
89.3,0.728,-0.3828,2991
90.5,-0.8594,0.5043,1675
98.6,-0.2443,1.1863,2345
89.7,0.8493,-0.2146,2910
90.6,-0.6193,0.9115,1711
98.7,-0.3288,1.3933,2344
87.7,1.0116,-0.285,3005
96.8,-0.013,1.0262,2200
96.6,-0.2579,1.2945,2339
97.6,-0.0881,1.1948,2367
89.8,0.7107,-0.219,2801
88.2,0.814,-0.4249,3095
91.3,-0.7938,0.6502,1603
98.3,-0.5406,1.3998,2357
96.4,-0.7559,1.415,2329
89.5,-0.971,0.8667,1599
87.2,0.6598,-0.4934,2938
87.4,0.5946,-0.5642,2823
97.7,-0.4732,1.4023,2274
88.3,-1.2823,0.6331,1430
88.4,0.6886,-0.1554,2584
88.2,0.6956,-0.0903,2660
88.9,-1.2381,0.5485,1439
89.2,0.4603,-0.1896,2576
80.3,-1.0715,0.6702,1398
90,-1.0335,0.6559,1478
91.2,0.4028,0.1735,2700
95.7,-0.3751,1.1904,2317
85.8,0.8094,-0.1944,2690
87.7,0.5459,-0.2303,NA
97,-0.4439,1.4407,2300
89.5,0.7785,-0.035,NA
88.6,-0.9398,0.9011,1629
97.2,-0.3732,1.211,2250
90.7,-0.9166,0.8699,1659
89.4,-0.9191,0.9235,1597
87.5,0.805,-0.3005,2926
87.1,0.7352,-0.0685,2856
97,-0.4997,1.2653,2271
90.2,-1.2387,0.806,1695
88.9,0.2348,0.4151,NA
96.3,-0.3455,1.5544,2326
95.4,-0.5851,1.2391,2208
89.3,-0.856,1.0967,1657
95.2,-0.5436,1.4025,2237
87.2,0.7904,-0.2985,2765
88.2,0.625,-0.0357,2655
95.4,-0.6442,1.3172,2267
96.2,-0.5566,1.3267,2388
89.1,-1.0679,0.7308,1630
86.4,0.8062,-0.4771,2765
89.9,-0.7635,0.9902,1615
87.8,0.9057,-0.5505,2848
86.3,0.7858,-0.4383,2717
88.2,0.7091,-0.2402,2638
96.3,-0.6861,1.2806,2303
89.2,0.7148,0.0012,NA
97.8,-0.7566,1.5909,2372
89.1,-1.1485,0.7196,1682
96.9,-0.3718,1.2631,2218
95.5,-0.5953,1.3602,2201
96.8,-0.5267,1.2971,2310
90.5,-0.8286,0.9228,1596
98,-0.5009,1.5145,2363
89.9,-0.8785,0.8758,1592
94.9,-0.2609,1.4988,2182
96.5,-0.2133,1.3317,2388
89.2,-0.7105,0.8377,1533
87.2,0.8058,-0.28,2845
86.7,0.8301,-0.3452,2784
89.4,0.569,0.0266,NA
95.6,-0.5274,1.2419,2256
94.2,-0.525,1.3988,2347
94.9,-0.5061,1.5207,2341
88.4,0.955,-0.1946,2763
87.8,1.2957,-0.3508,2995
89.9,0.6105,-0.037,2817
89,-1.2524,0.7906,1589
86.9,0.7688,-0.2745,NA
90,0.8253,-0.1535,2763
89.7,-1.0964,0.6773,1613
90.3,-0.7946,1.0908,1677
90.9,-0.7711,1.1386,1725
96.3,-0.3048,1.3651,2379
91.1,0.6122,-0.0199,2788
96.7,-0.3428,1.5099,2391
86.7,0.5848,0.0432,NA
98,-0.2971,1.4388,2398
98.9,-0.6125,1.4029,2249
98.3,-0.3016,1.3989,2282
90.4,-0.8209,0.9347,1595
99.1,-0.3021,1.3352,2386
89.1,0.6717,-0.1171,2535
98,-0.3544,1.4649,2243
87.4,0.6904,-0.3229,2842
89.4,-1.0317,0.8373,1597
98.9,-0.5596,1.4843,2456
89.3,0.5902,-0.164,2799
90,0.8569,-0.1639,NA
97.4,-0.3056,1.5566,2431
98.1,-0.58,1.5117,2372
89.7,0.8632,0.0854,2989
88.9,0.9387,0.0519,2816
97.7,-0.5042,1.2022,2413
97.3,-0.2144,1.506,2312
87.5,0.8437,-0.2775,2838
95.5,-0.2635,1.2576,2205
90,-0.8415,0.9098,1614
98,-0.3981,1.4745,2503
95.5,-0.0792,1.4888,2473
88.1,0.6951,-0.2472,NA
89.8,0.8759,-0.0795,3004
98.4,-0.4249,1.1166,2359
87.6,1.1397,0.0513,NA
99.9,-0.5693,1.4604,2457
91.8,-1.2751,0.7392,1697
98.8,-0.5004,1.4002,2274
98.3,-0.4952,1.5168,2434
98.4,-0.4623,1.5432,2426
88.8,0.8418,-0.1357,2808
87.6,0.6865,-0.148,2905
88.7,0.6259,0.0593,2661
89.5,-0.8086,1.0651,1571
88.2,0.9174,-0.012,2997
97.4,-0.3917,1.3443,2236
86.5,1.113,-0.1841,NA
99.5,-0.5541,1.4773,2430
98.7,-0.5058,1.3656,2273
98.1,-0.498,1.4132,2306
97.7,-0.3144,1.3726,2283
88.4,0.9449,-0.2856,2792
90.2,-0.8007,0.9928,1614
89.9,0.6793,-0.0652,2658
97.6,-0.3995,1.5789,2272
85.4,0.6941,-0.4465,2597
90.2,-0.894,0.8542,1662
88.8,0.8356,-0.1947,2755
98.2,-0.1611,1.5079,2482
85.5,0.9027,-0.5331,2770
91,0.8549,-0.0157,2702
98.8,-0.3365,1.3526,2272
97.3,-0.2976,1.3118,2243
89.5,0.4419,-0.0824,NA
97.6,-0.3259,1.3906,2349
88.9,0.7876,-0.0564,2719
90.9,-0.9266,1.0072,1588
90.2,0.8439,0.1052,1308
96.6,-0.2139,1.4689,2413
89.8,-1.1222,0.5605,1635
89.9,-0.9119,0.884,1557
96.3,-0.4409,1.4813,2352
89.7,-1.3192,0.6023,1651
90,0.6322,0.2204,NA
90.2,-1.2618,0.6681,1484
97.2,-0.4041,1.3329,2325
98.3,-0.3643,1.233,2260
90.6,0.5269,0.0255,2554
89.1,0.6886,0.1499,2764
88.6,0.6121,0.0632,2694
94.9,-0.4144,1.3239,2166
96.3,-0.404,1.2525,2252
96.4,-0.4364,1.4083,2135
97.8,-0.5792,1.4402,2417
97.5,-0.1702,1.4902,2366
97.2,-0.4102,1.563,2389
90.9,-1.0213,0.9784,1644
97.4,-0.2181,1.487,2283
90.3,-1.0328,1.0019,1693
96,-0.2788,1.4615,2238
96.8,-0.3172,1.4944,2376
91.5,-0.7753,0.8339,1669
97.5,-0.4478,1.3646,2310
86.9,0.9342,-0.2718,2793
96.4,-0.6279,1.4887,2257
96.5,-0.5541,1.4542,2311
96.4,-0.8437,1.4511,2301
87.2,1.2796,-0.1201,2925
98.5,-0.4093,1.3662,2300
98.3,-0.3682,1.2836,2300
98.4,-0.2968,1.3184,2396
87.9,0.3835,0.1093,NA
89.6,-1.2418,0.5963,1665
90.5,-1.2079,0.6447,1677
99,-0.1747,1.4268,2444
99.2,-0.153,1.0604,2381
97.8,-0.638,1.407,2363
97,-0.468,1.5504,2342
86.6,0.926,-0.4349,2952
89.7,0.5748,0.2341,2613
86.6,1.0722,-0.2396,3044
89,-0.7863,0.6476,1564
97.6,-0.5639,1.3842,2238
85.8,0.8738,-0.2373,2883
98.8,-0.4013,1.3874,2432
98,-0.7248,1.4035,2289
97.6,-0.3975,1.3786,2254
90.8,0.7131,0.1459,2699
87.9,0.7576,-0.3464,2618
90.2,-1.1349,0.9014,1705
99,-0.2888,1.2261,2360
89.8,0.7606,0.1229,NA
96.8,-0.3876,1.5922,2395
96.9,-0.3406,1.5211,2435
96.1,-0.5629,1.41,2397
97.3,-0.4507,1.414,2455
96.8,-0.5663,1.563,2473
89.2,0.3038,0.2034,2576
89.2,0.9179,-0.4047,3052
89.6,0.6799,-0.2543,2889
90.3,-1.2718,0.5675,1677
97.5,-0.5365,1.5651,2233
98.1,-0.3418,1.2485,2286
89.8,-1.1853,0.7201,1671
87.8,0.8115,-0.2329,2941
98.7,-0.4087,1.2226,2381
98.5,-0.4511,1.2799,2296
87.9,0.8118,-0.3135,2962
87.5,0.7685,-0.4169,2910
98.5,-0.4873,1.3853,2294
98.4,-0.4651,1.5328,2435
86.8,0.7065,-0.1908,2708
98.3,-0.5845,1.3173,2306
98.9,-0.4845,1.3693,2424
99.1,-0.5514,1.2336,2405
99.6,-0.5453,1.3223,2448
89.2,0.6172,0.0134,NA
98.3,-0.457,1.3248,2333
97.6,-0.3209,1.4819,2308
97,-0.4955,1.3216,2282
96.8,-0.3064,1.3674,2271
98.1,-0.1159,1.3703,2363
88.7,0.8528,-0.1523,2899
87.1,0.6593,-0.0237,2785
86.1,1.2281,0.1277,2810
88.3,0.8417,-0.001,2723
96.9,-0.5678,1.4305,2412
89.8,0.7847,-0.0321,NA
97.3,-0.6174,1.4003,2478
97.3,-0.4237,1.3667,2484
89.6,0.6254,-0.0662,NA
97.5,-0.5074,1.467,2432
97.1,-0.3242,1.455,2473
96.6,-0.2683,1.4822,2428
88.5,0.5596,0.1026,2508
94.9,-0.7208,1.3923,2344
98.5,-0.2912,1.5104,2426
89.7,-0.938,0.5123,1560
91,-1.2161,0.8678,1666
98.1,-0.5788,1.2424,2414
97.8,-0.3874,1.1084,2270
89.8,0.7391,0.048,NA
90.3,0.5979,0.2405,2828
88.8,0.8186,-0.1131,2684
97.8,-0.5286,1.6381,2298
97.6,-0.3021,1.2004,2389
89.4,0.6106,-0.0247,NA
88.9,0.7289,-0.1162,NA
87.3,1.0266,-0.1874,2951
90,-0.6656,0.8751,1509
98.3,-0.493,1.4106,2440
89,0.8671,-0.0301,2903
97.8,-0.4242,1.4093,2320
97.5,-0.4395,1.4992,2386
97.5,-0.411,1.4619,2248
96.2,-0.3808,1.4892,2233
90.4,0.7339,-0.0084,2720
98.2,-0.6034,1.1032,2458
90.7,0.5028,0.0077,NA
98.4,-0.2271,1.189,2367
90.6,0.7344,0.1346,NA
97.5,-0.6368,1.2526,2474
88.3,-1.0671,0.8414,1631
89.8,0.4964,0.1566,2650
96.6,-0.5453,1.3041,2279
88.9,-0.7518,1.2033,1761
97.9,-0.7204,1.4593,2377
97.4,-0.6302,1.4124,2291
97,-0.3354,1.3865,2350
98.6,-0.4425,1.4421,2304
98.5,-0.6289,1.2873,2320
90.4,-0.9,1.2504,1678
96.4,-0.7505,1.6067,2469
96.6,-0.4548,1.5693,2297
97.8,-0.4409,1.2529,2161
98.2,-0.5589,1.1562,2182
88.1,-0.9852,0.4493,1423
96.8,-0.7534,1.3498,2219
98.3,-0.582,1.3491,2415
98.2,-0.5936,1.1445,2156
88.7,0.6305,-0.1175,2705
87.5,0.5038,-0.2299,2705
98.7,-0.392,1.4754,2309
98.3,-0.7243,1.3525,2201
99.3,-0.5049,1.3306,2313
98.3,-0.7112,1.3792,2335
98.5,-0.7124,1.3629,2423
87.3,-1.0873,0.7533,1550
97.5,-0.5828,1.2718,2294
90.8,0.5726,0.0055,2584
98,-0.6937,1.208,2274
90,0.5198,0.1138,2733
98,-0.3173,1.2571,2271
97.9,-0.738,1.2889,2419
98,-0.5999,1.2812,2396
97.4,-0.7158,1.2454,2308
91.1,0.5455,0.4336,2531
99,-0.7621,1.255,2278
89.5,0.5709,-0.1086,2648
97.9,-0.5723,1.3639,2284
97.7,-0.5185,1.2733,2306
97.9,-0.6537,1.2902,2300
91.5,0.8002,-0.0852,2755
99.5,-0.4279,1.1883,2381
97.7,-0.4999,1.224,2322
89.5,-0.9425,0.8675,1584
88.9,0.9353,-0.1986,2864
90.5,1.0296,-0.0688,2948
90.7,0.7017,0.0183,NA
98,-0.3867,1.3109,2238
98.5,-0.7258,1.2318,2305
88.3,0.5218,-0.1619,2772
89.1,-1.057,0.5631,1543
97.7,-0.718,1.2298,2263
98,-0.6179,1.2756,2392
97.3,-0.7075,1.1412,2265
96.6,-0.7357,1.3893,2298
97.7,-0.4941,1.1631,2320
89.8,-0.9532,0.9006,1627
89.8,0.676,-0.1364,2818
91.2,0.5721,0.3194,2562
97,-0.593,1.3687,2265
96.6,-0.5176,1.3729,2272
99.1,-0.6214,1.3855,2326
88.3,0.8593,0.3604,2803
97.9,-0.5409,1.4334,2296
88.6,-1.1348,0.7739,1577
88.3,0.6037,0.0128,NA
96.7,-0.5858,1.5547,2282
87.3,-0.5825,1.0944,1579
95.5,-0.5739,1.2994,2258
98.8,-0.4647,1.3482,2271
97.9,-0.5204,1.3314,2378
97.3,-0.5955,1.2594,2205
97.8,-0.4521,1.3475,2355
89.1,-1.126,0.2407,1532
89.4,-0.8153,0.9324,1537
96.8,-0.3816,1.3808,2316
89.3,0.7918,-0.0248,2772
96.7,-0.6089,1.2992,2460
96.3,-0.6099,1.4211,2360
98.3,-0.9119,1.3485,2502
97.9,-0.7866,1.5484,2469
97.8,-0.8598,1.3394,2374
88.3,0.8072,-0.1063,2942
97.2,-0.697,1.2866,2303
86.9,1.2047,0.0642,2897
88.3,0.8205,-0.0637,2954
88.5,0.9649,0.1734,2956
98.2,-0.5466,1.4033,2457
98,-0.6041,1.5289,2421
88,0.829,-0.1195,2897
88.2,0.9817,-0.1062,NA
88.4,0.9432,-0.1288,2870
89.2,0.5648,0.1451,2571
89,-0.9232,0.6979,1581
89.6,-0.8821,0.8794,1590
97.2,-0.5164,1.4159,2380
96.5,-0.8439,1.1688,2374
95.7,-0.7783,1.2495,2315
88.5,0.7602,-0.1943,2877
97.7,-0.6257,1.1483,2325
97.5,-0.6034,1.1492,2269
96.3,-0.3574,1.2953,2305
96.8,-0.4426,1.2715,2186
97.4,-0.4428,1.4426,2268
97.3,-0.4968,1.2718,2525
97.3,-0.7133,1.3604,2404
91.2,-1.1838,0.4493,1640
97.9,-0.4369,1.3158,2392
97.5,-0.7574,1.3296,2382
96.6,-0.8174,1.4337,2480
97.4,-0.6739,1.4272,2420
97.5,-0.7123,1.4023,2449
89.6,0.605,-0.0542,NA
98.2,-0.7077,1.436,2354
88.1,0.6483,-0.1836,NA
97.7,-0.3945,1.3997,2258
98.1,-0.5617,1.2759,2431
98.3,0.038,1.2612,2495
87.7,1.1138,-0.0732,2873
87.6,0.6831,-0.0126,2554
89.4,-1.041,1.0694,1626
97.1,-0.4045,1.5396,2364
86.3,0.6567,-0.1309,2692
85.2,1.1948,-0.0115,2903
89.8,-1.2541,0.6909,1589
88.8,-1.0206,0.5946,1555
97.4,-0.3934,1.2033,2366
86.6,0.3479,-0.0728,2602
88.4,0.3078,0.1888,2672
99.5,-0.475,1.256,2396
89.4,0.6758,-0.1461,2803
99.1,-0.4883,1.4471,2371
89.6,0.6062,0.0411,2697
97.5,-0.698,1.4178,2357
89.1,0.7563,0.1205,2694
97.7,-0.5248,1.3044,2284
88.5,0.8519,-0.1904,2704
97.8,-0.5117,1.2997,2352
97.5,-0.2021,1.4896,2413
87.5,-1.0563,0.6377,1626
86.7,1.1573,-0.1902,2945
89.7,0.6804,-0.0981,2714
98.7,-0.6274,1.4401,2395
90.2,-1.0524,0.9048,1567
99.2,-0.377,1.5171,2478
90.1,-1.1889,0.7262,1669
90,0.519,-0.0174,2849
98.9,-0.565,1.4266,2340
97.4,-0.7484,1.4418,2478
89.5,0.9141,0.3817,NA
93.9,0.5402,0.5823,2495
99.1,-0.6471,1.4082,2415
98.1,-0.6052,1.4339,2414
96.9,-0.5617,1.4479,2436
87.6,0.9348,-0.4443,2819
98.7,-0.6964,1.2323,2308
88.9,0.6346,-0.2942,2813
87,0.6827,-0.2118,2813
88.4,0.8162,-0.2906,2780
96.9,-0.4284,1.4251,2327
88.4,0.5751,-0.2519,2815
89.2,-1.112,0.8461,1754
96,-0.2978,1.2901,2198
96.2,-0.4826,1.1877,2251
88.4,-1.2108,0.4763,3222
96.9,-0.531,1.36,2313
95.9,-0.5055,1.4247,2295
96.5,-0.3974,1.3541,2245
85.3,0.8764,-0.1572,2686
89.1,-1.1219,0.7372,1504
97.5,-0.2751,1.6007,2344
89.7,0.6041,-0.1719,2821
85.8,0.8188,-0.4164,NA
89.7,0.6507,0.0315,2722
97,-0.3708,1.4349,2362
88.6,0.9103,-0.1652,NA
96.4,-0.2777,1.3577,2353
97.2,-0.3257,1.4395,2312
98,-0.4347,1.3873,2463
87.6,0.9425,0.1089,2863
89.8,-1.056,0.9612,1637
90.1,0.634,0.1041,NA
96.5,-0.6262,1.361,2359
97,-0.6211,1.3752,2367
96,-0.5258,1.2415,2324
96.6,-0.8256,1.4965,2408
88.4,0.6081,-0.0339,2742
88.1,0.495,-0.1678,2800
86.5,0.689,-0.2062,NA
96.8,-0.3546,1.3822,2213
87.4,0.652,-0.0739,NA
90,0.6305,-0.0589,1365
90.2,0.6244,0.1433,966
95.6,-0.4736,1.3682,2252
96.9,-0.3515,1.4472,2475
87.6,0.8864,-0.3358,2809
96.4,-0.2953,1.1947,2186
88.6,-1.2083,1.0172,1555
87.8,0.866,0.0065,2759
88.2,0.5595,0.1729,2529
88.8,-0.9267,1.2745,1631
88.6,0.7451,0.1009,2610
95.3,-0.2318,1.4235,2308
94.8,-0.3876,1.3366,2286
96,-0.589,1.4263,2331
96.6,-0.4904,1.3661,2352
96.3,-0.4364,1.2883,2306
89.2,0.6865,0.1979,2764
95.6,-0.5829,1.4895,2312
96.2,-0.5814,1.3062,2332
97.8,-0.3392,1.1273,2256
88.9,0.614,-0.1902,2877
98.6,-0.2102,1.2611,2328
89.9,0.9647,-0.1732,2867
88.4,0.9138,-0.4074,2964
88.5,1.1006,-0.199,2824
89.8,0.7103,-0.0293,2812
97.4,-0.4091,1.1172,2308
87.8,0.7782,-0.3872,2632
89.8,0.8958,0.0899,NA
95.3,-0.4584,1.2269,2190
97.1,-0.5847,1.29,2359
97.2,-0.3901,1.3362,2421
95.6,-0.3956,1.3744,2257
88.7,0.6861,6e-04,2814
89,0.7684,0.2105,2800
97.9,-0.521,1.3579,2454
87.2,0.9403,-0.1932,2992
86.3,0.8702,-0.2429,2991
88.3,0.8008,-0.3009,3023
89.4,0.7101,-0.3281,2969
98.5,-0.3648,1.4488,2458
98.3,-0.5656,1.2898,2455
92.2,-1.0047,0.7802,1699
92,-0.7385,1.1374,1618
97.2,-0.495,1.3694,2329
97,-0.1824,1.4864,2362
87.9,0.7745,-0.1773,2890
95.6,-0.4337,1.5795,2464
98.1,-0.5283,1.4037,2418
97.9,-0.5323,1.4988,2535
97.8,-0.5452,1.4238,2473
87.1,0.6539,-0.1422,3088
96.7,-0.3105,1.3367,2342
97,-0.4939,1.4355,2309
96.4,-0.5892,1.257,2410
97.8,-0.5771,1.317,2436
96.1,-0.671,1.2715,2330
86.5,0.841,-0.1423,2828
86.7,-1.0554,0.7905,1794
98.3,-0.4677,1.4171,2384
87.6,1.0849,-0.4149,3151
87.1,1.0492,-0.0801,2991
84.8,0.8948,-0.2204,2867
87.3,1.1555,-0.3084,3189
95.6,-0.475,1.276,2307
97.2,-0.3553,1.2996,2436
97,-0.5149,1.3394,2362
98.3,-0.6881,1.2564,2405
97.5,-0.7719,1.3077,2370
87.7,0.6312,-0.4069,2822
89.3,0.6967,-0.1113,NA
96.7,-0.51,1.417,2476
89.8,-1.2332,0.8132,1708
87.1,1.1943,-0.0124,3147
98.3,-0.6588,1.3468,2397
88.6,-0.8944,1.1839,1637
89.2,0.5973,-0.1291,2867
98.5,-0.3813,1.4454,2348
86.8,1.2854,-0.7005,3060
97,-0.1843,1.495,2421
87.9,0.8199,-0.1717,3006
97.5,-0.7036,1.3998,2485
84.9,1.2983,-0.652,2853
89.2,0.752,-0.2301,3023
88.8,0.8465,-0.3502,3088
97.9,-0.4778,0.9776,2305
98.5,-0.7303,1.3485,2381
98.1,-0.6651,1.3572,2485
97.5,-0.5959,1.3923,2433
97.2,-0.6658,1.1911,2461
86.8,-0.9708,0.763,1589
89.3,0.7687,-0.1758,2962
89.6,0.6589,-0.0634,1493
88.3,0.9539,-0.3793,3090
87.3,-0.9914,0.9607,1688
98.1,-0.4767,1.4748,2442
87.6,0.8498,-0.331,2958
97.2,-0.4818,1.1422,2300
87.4,1.0004,-0.2426,3077
88.3,0.7709,-0.31,2941
88,0.6613,0.024,NA
86.4,0.7658,-0.2701,2881
87.1,0.9601,-0.3121,3026
94.4,-0.3491,1.442,2403
87.6,0.9152,-0.3065,2971
96.6,-0.7212,1.0107,2477
95.1,-0.5539,1.5719,2432
95.9,-0.6635,1.443,2433
97,-0.5896,1.0223,2474
95.1,-0.4066,1.3928,2437
87.5,0.7996,-0.1744,2926
95.7,-0.5884,1.4082,2447
96.5,-0.5924,1.3978,2472
94.9,-0.3971,1.4239,2342
95.5,-0.5876,1.4557,2458
96.1,-0.398,1.4545,2457
89.8,0.7549,-0.0875,1376
96.5,-0.405,1.3401,2446
90.7,-0.7798,1.1177,1671
87.9,0.6472,0.3965,2865
86.2,0.6677,-0.429,2818
96.3,-0.2592,1.4874,2501
95.3,-0.2823,1.5176,2447
87,0.5765,-0.2733,2945
96.1,-0.4798,1.472,2408
95.3,-0.3885,1.4016,2423
86.7,0.3733,-0.0905,NA
95.2,-0.8031,1.3274,2419
97.1,-0.632,1.205,2285
98.2,-0.4491,1.3659,2302
97.9,-0.8454,1.272,2337
97.7,-0.7686,1.2785,2229
98.6,-0.4715,1.2362,2283
99,-0.3854,1.5617,2286
88.6,0.6401,-0.2053,2910
98.3,-0.5968,1.2975,2354
90,0.647,-0.2585,2720
90.6,-0.9896,1.0297,1502
97.4,-0.5587,1.2953,2409
98.3,-0.3587,1.3817,2372
86.1,-1.1362,0.8023,1964
86.8,0.5403,-0.0129,2678
97.4,-0.3246,1.391,2399
98.5,-0.5198,1.2172,2471
98.3,-0.5061,1.3982,2386
98.8,-0.7345,1.2407,2369
98.4,-0.5771,1.2899,2426
89.5,0.7811,0.0235,3024
97.4,-0.3088,1.2705,2343
84.9,-0.8211,0.8697,1579
97.9,-0.4674,1.2289,2319
89.2,-0.8031,0.9407,1709
99.2,-0.6085,1.1413,2351
98.9,-0.446,1.2558,2399
99,-0.7021,1.3621,2366
97.3,-0.5563,1.2929,2284
97.5,-0.5177,1.3316,2306
89.7,-0.8456,0.958,1645
97.3,-0.6992,1.3061,2389
98.6,-0.5922,1.231,2347
99.3,-0.717,1.4307,2419
87.6,0.8162,-0.2989,2866
98.7,-0.8393,1.3522,2405
97.7,-0.2966,1.2718,2307
98.2,-0.5033,1.1391,2195
97.7,-0.377,1.2177,2288
89.2,0.5202,-0.0637,2603
88.9,-0.681,1.1676,1439
89.6,0.471,0.1391,2761
97.9,-0.5702,1.5135,2376
98.1,-0.6224,1.3794,2231
88.6,0.8311,-0.2151,2831
98.6,-0.6852,1.2767,2385
90.4,-1.0442,1.0044,1757
88.8,0.6855,-0.2604,2841
89.6,0.8427,0.2025,2822
88,-0.9713,0.7231,1551
98.8,-0.3248,1.2255,2364
97.5,-0.7975,1.284,2422
88.8,0.7168,-0.0626,2865
98.6,-0.6628,1.4158,2309
87.6,-0.9077,1.07,1620
90.7,0.7162,0.061,2761
96.8,-0.7321,1.4463,2309
87.3,0.6619,-0.0697,2816
88.2,-0.6047,0.8771,1545
90.1,0.8903,-0.0377,2900
99,-0.3085,1.2517,2355
88.4,0.8766,0.1373,2803
88.3,0.7247,0.0225,2832
88.7,0.8974,-0.2562,2976
90.9,0.3944,0.0991,2846
98.7,-0.6173,1.2605,2282
91.1,0.8092,0.0768,2807
88.8,-0.8934,0.8073,1584
89.7,0.5582,0.0995,2807
98,-0.9038,1.0998,2300
96.5,-0.6202,1.5219,2252
89.6,-0.8412,0.7883,1674
90,0.7261,-0.0344,2938
89.4,-0.9135,1.0277,1778
97.5,-0.4522,1.5784,2427
98.2,-0.3485,1.467,2415
90.5,-0.7693,0.8741,1632
88.7,-0.5967,1.3349,1733
89.5,0.7116,0.268,2656
96.5,-0.5329,1.3722,2386
89.6,0.6721,-0.13,2825
96.2,-0.8206,1.3285,2367
95.2,-0.7914,1.3661,2365
97.6,-0.6153,1.3802,2356
96.1,-0.4825,1.3521,2298
95.2,-0.5801,1.4844,2335
96,-0.7656,1.3358,2410
95.8,-0.7529,1.3621,2327
88.3,0.8606,-0.1548,2730
96.8,-0.4094,1.5129,2395
96.6,-0.4041,1.4976,2390
96.5,-0.6665,1.355,2288
96.8,-0.362,1.2441,2326
89.9,0.7364,-0.022,3043
88.5,0.6725,-0.202,2865
88.3,0.6818,-0.3102,2907
97,-0.4748,1.4266,2355
92.5,0.3464,0.5008,2525
97.2,-0.549,1.2414,2411
89.2,-0.9619,0.8542,1629
87.2,-0.7987,0.9012,1615
97,-0.5828,1.2601,2369
87.6,0.9157,-0.0547,1365
87.3,0.4179,0.0847,2738
97.6,-0.5598,1.1147,2193
97.9,-0.4257,1.1472,2191
88.2,0.886,0.4307,2806
96.5,-0.3546,1.2118,2329
89.1,0.7789,-0.0939,2955
96.3,-0.4611,1.3955,2297
89.7,-0.8304,0.5896,1516
90.3,0.464,0.3471,2652
89.5,0.6174,0.154,2798
96.2,-0.3894,1.3177,2458
87.8,0.5257,0.124,2703
95.6,-0.7238,1.3071,2316
97.3,-0.237,1.3555,2380
86.8,0.965,-0.0833,2983
97,-0.6437,1.284,2436
85.8,-1.004,1.0918,1805
97.2,-0.398,1.5068,2472
88.9,0.9143,-0.3222,3000
99.3,-0.428,1.0059,2414
88.9,0.6921,-0.1892,2921
88.6,0.739,-0.0471,2770
98.7,-0.3183,1.2936,2284
88.2,0.8237,-0.4014,2861
90.2,0.2701,0.2922,2690
96.7,-0.403,1.318,2415
89.6,0.4584,-0.0662,2806
98.8,-0.7703,1.4838,2440
90.1,0.5205,0.3135,2808
91.9,0.4595,0.5563,2494
98.2,-0.6023,1.3421,2354
95.2,-0.6532,1.1082,2302
96.9,-0.4089,1.3145,2337
88.5,0.6746,-0.3376,3005
98.2,-0.5968,1.3388,2367
89.6,0.6519,0.1121,2932
86.9,0.7036,-0.281,3000
87.8,0.6573,0.0799,2811
87.1,0.9603,-0.1079,3122
98.6,-0.6798,1.1966,2319
97.5,-0.5382,1.3194,2439
96.8,-0.481,1.3785,2445
97.5,-0.5626,1.3686,2402
97.2,-0.7058,1.361,2335
97.4,-0.5625,1.2864,2405
97.9,-0.5202,1.3277,2378
87.5,-1.0876,0.8022,1679
97.3,-0.456,1.5192,2445
96.3,-0.3467,1.4506,2330
96.3,-0.3926,1.3567,2304
97.9,-0.4346,1.4181,2437
86.3,0.9349,-0.2758,2984
98.3,-0.8905,1.1375,2476
85.4,1.0488,0.0947,2767
86.8,1.2347,-0.037,3079
98.7,-0.3683,1.0417,2434
89,1.0052,0.0217,NA
98.6,-0.288,1.2641,2423
88.4,1.105,-0.1629,3058
88.4,0.9396,-0.4271,3136
99.3,-0.5742,1.1524,2433
86.8,1.0339,-0.554,3108
98.3,-0.5974,1.4325,2400
98.5,-0.627,1.4124,2445
88.5,0.8295,-0.2646,3011
97.2,-0.6646,1.3693,2327
98.1,-0.2294,1.4685,2440
89.7,0.5636,0.1326,2848
88.9,-0.3952,1.1894,1623
89.1,0.6385,-0.1424,NA
96,-0.4435,1.4479,2367
89.7,0.6677,-0.2235,1388
97.4,-0.587,1.2519,2321
96.9,-0.4312,1.4886,2374
96.5,-0.4701,1.3488,2274
96.3,-0.2093,1.2577,2278
98.2,-0.5942,1.3157,2424
86.8,1.1648,-0.3739,3043
97.8,-0.6387,1.2685,2469
87,0.8315,-0.1763,2950
97.5,-0.6366,1.4077,2466
88.5,0.8686,-0.2066,2996
84.5,-1.0474,0.7454,1717
96.1,-0.6774,1.3304,2373
87.8,-0.63,1.0467,1678
98.3,-0.676,1.3676,2503
99,-0.5513,1.2509,2403
97.7,-0.4993,1.3482,2420
95.7,-0.5442,1.323,2332
96.4,-0.8026,1.2869,2386
97.2,-0.7493,1.3912,2398
87.3,1.1257,-0.0407,2961
87.4,0.7955,-0.2677,2930
88.1,0.9874,-0.3129,3056
90,-1.0753,0.9617,1747
97.5,-0.2818,1.2224,2431
97.8,-0.4593,1.2208,2438
89.9,0.5783,0.2299,2794
87.5,0.6372,-0.2943,NA
87.3,0.8186,-0.289,3020
88.9,1.0712,-0.4379,NA
89.3,0.7722,-0.1257,2922
97.6,-0.524,1.3109,2370
89,0.9931,-0.0842,2739
86.7,0.7796,-0.3329,2763
88.2,0.763,0.094,2848
96,-0.3646,1.4041,2371
97.1,-0.7283,1.2681,2347
87.1,0.7517,-0.1969,2655
88.4,0.5963,0.1645,2471
89,0.6014,0.1851,2634
87.7,0.6317,-0.0251,2697
82.1,-1.1861,0.7109,1643
82.3,-1.3461,0.6433,1712
93.9,-0.5956,1.6,2456
95.7,-0.6458,1.3384,2287
96.9,-0.2427,1.2989,2387
95.2,-0.0818,1.5377,2345
75.5,-0.9505,1.0755,1433
80.7,-1.0356,1.1933,1577
89.3,0.5613,0.1063,NA
88.6,0.6367,-0.2268,2702
87.5,-1.2565,0.909,1716
87.9,0.6656,-0.0772,2618
89.5,0.6204,0.1049,NA
88.6,0.4303,0.1338,2639
95.9,-0.3838,1.5444,2357
98.7,-0.5509,1.4316,2433
87.4,-1.2923,0.7823,1776
89.3,0.701,0.0681,911
90.1,0.683,0.0126,1377
88.1,0.8027,-0.1569,NA
90.5,0.5097,-0.0444,2672
90.8,0.737,-0.0054,NA
98.7,-0.5697,1.3529,2381
84.1,-0.8428,1.1864,1478
89.2,-1.0887,0.776,1626
98,-0.2898,1.3778,2412
96.6,-0.0205,1.6048,2335
97.9,-0.1361,1.3147,2317
97.7,-0.2978,1.5846,2405
88.9,0.8423,-0.3008,2882
97.9,-0.5135,1.7757,2477
87.3,1.1461,-0.3841,2941
87.5,0.7656,0.0049,2976
98.6,-0.5616,1.3291,2321
98.3,-0.4319,1.4215,2308
98.1,-0.372,1.6279,2463
98.4,-0.7142,1.4214,2482
87.7,0.7161,-0.2391,2853
97.4,-0.5311,1.6258,2297
88.5,0.854,-0.0849,NA
97.9,-0.4312,1.7209,2568
87.6,0.7711,-0.4938,2960
81,-0.7971,1.4288,1575
98.4,-0.3652,1.4371,2538
85.6,1.3318,-0.2373,2899
98.3,-0.6826,1.4321,2489
88.6,0.9502,-0.5069,2977
97,-0.3571,1.6886,2477
84.4,-1.1747,0.9106,1508
88.3,0.9825,-0.3015,3002
87.6,0.9487,-0.3049,3022
97.9,-0.4906,1.4085,2378
89.1,0.8233,-0.0768,2718
88.8,0.6947,-0.2088,NA
96,-0.3085,1.3023,2204
88.7,0.8783,-0.1007,2812
79.3,-0.9689,0.6704,1439
96.1,-0.5577,1.4298,2366
81.5,-0.7422,1.208,1576
97.7,-0.4257,1.4426,2309
87.3,0.7816,-0.3168,2967
97.2,-0.4786,1.1737,2389
97.7,-0.4438,1.4345,2318
88.3,0.9439,-0.2039,2780
89,1.0502,-0.0242,NA
95.2,-0.673,1.5587,2330
97.7,-0.6492,1.4425,2337
89.8,0.8173,-0.185,2956
97.8,-0.4041,1.6319,2515
88,1.0956,-0.1879,3098
88.9,0.8087,0.0318,NA
89.2,0.7675,-0.0698,2942
97.5,-0.6152,1.4098,2352
98.2,-0.5367,1.5178,2412
88.1,0.866,-0.1585,2919
98.2,-0.5426,1.6068,2364
89.2,0.709,-0.1738,2797
97.4,-0.706,1.4868,2320
97.5,-0.5409,1.3939,2490
96.6,-0.5318,1.6286,2499
97.8,-0.5759,1.2941,2403
97.3,-0.5572,1.3788,2350
97.4,-0.4668,1.5125,2437
88.4,1.0721,0.0024,2916
97.5,-0.4846,1.3931,2419
98.6,-0.5297,1.4446,2408
98.4,-0.6129,1.3226,2407
97.4,-0.5152,1.4932,2360
89.7,0.4228,-0.007,NA
98.4,-0.4839,1.2842,2397
97.8,-0.3801,1.4987,2418
96.8,-0.5841,1.4348,2334
99.7,-0.3014,1.2395,2508
87.5,1.3174,-0.8014,3025
86.6,1.042,-0.2688,2910
99.1,-0.5926,1.0881,2348
87.9,0.7848,-0.3274,2885
86.3,0.9378,-0.2184,2876
96.5,-0.556,1.1975,2266
96,-0.4862,1.2488,2341
96.3,-0.4735,1.2895,2329
95.3,-0.0817,1.2828,2345
84.8,0.9995,-0.2659,2961
97.7,-0.5007,1.2746,2376
98.1,-0.4114,1.0376,2344
97.3,-0.4395,1.2177,2348
99,-0.4713,1.3801,2356
87.7,0.9702,-0.185,2959
98.1,-0.361,1.4806,2453
89.7,-0.5527,0.89,1631
96.6,-0.3776,1.4303,2383
87.6,0.9549,-0.1437,2872
89.2,-0.7177,0.9067,1557
97.1,-0.1979,1.2495,2363
95.7,-0.5247,1.3367,2508
96.7,-0.2405,1.2186,2410
86.9,0.6259,-0.3707,2737
95.7,-0.4608,1.332,2319
94.1,-0.5696,1.369,2263
86.1,1.2035,-0.1611,2977
98.1,-0.2118,1.4841,2442
89.7,0.7578,-0.0272,NA
98.4,-0.5088,1.189,2497
97.5,-0.4193,1.3036,2411
89.9,-0.5843,0.9028,1623
86.7,1.2671,-0.4795,2905
97.9,-0.4558,1.2789,2375
89.2,0.834,-0.5247,2946
90,-0.7452,0.8452,1661
96.5,-0.3106,1.1284,2370
97.8,-0.171,1.1701,2374
89,0.7451,-0.2351,NA
97.7,-0.4431,1.3674,2451
97.6,-0.4934,1.2549,2420
87.3,0.9404,-0.3926,2952
97.4,-0.3543,1.1229,2403
86.7,1.0437,0.2758,2848
96.6,-0.2926,1.3534,2419
88.2,-0.9515,0.9531,1666
96.9,-0.6662,1.2582,2511
97,-0.5387,1.3404,2530
94.6,-0.4582,1.379,2476
96.7,-0.1017,1.0771,2386
85.2,1.1317,-0.4742,2895
87.4,0.8283,-0.4025,2909
90.1,-0.8411,0.7665,1663
88.1,0.6872,-0.2599,2762
89.4,0.8045,0.0156,2848
88.6,-0.7498,0.7952,1583
88.1,-0.6058,0.9711,1620
95.8,-0.2653,1.1239,2483
86.9,1.0923,0.2842,2851
88.8,-0.8833,0.8388,1556
86.7,0.956,-0.0753,2957
88.5,0.6376,-0.162,NA
95.9,-0.4133,1.3267,2395
94.9,-0.7009,1.4221,2422
96.9,-0.2849,0.9037,2396
96.2,-0.0621,1.1289,2354
89.5,0.9178,-0.0902,2868
88.4,0.7313,-0.2626,NA
87.6,0.8406,-0.0428,2749
88.9,0.6686,-0.1247,2925
95.8,-0.4081,1.3034,2418
96.4,-0.4261,1.168,2446
97.8,-0.3467,1.4573,2427
86.8,0.9138,-0.3071,2989
97.6,-0.5533,1.3337,2416
86.9,0.7791,-0.2324,2897
96.4,-0.3886,1.0113,2449
96,-0.3743,1.3678,2312
88.7,-0.9178,0.9379,1642
95.4,-0.5933,1.3666,2329
94.8,-0.5053,1.4373,2455
88.3,0.8666,-0.0756,2722
97.1,-0.3576,1.42,2468
97.2,-0.164,1.2055,2460
88.6,-0.7649,0.7446,1423
88.7,-0.986,0.6949,1592
87.5,0.6619,-0.2493,2856
96.5,-0.0697,1.2068,2392
86.2,1.1459,-0.3221,2983
95.8,-0.5421,1.2135,2374
85.4,0.8612,-0.2639,2876
96.9,-0.1623,1.4038,2496
96.1,-0.4854,1.2359,2438
98.6,-0.6329,1.3422,2388
97.4,-0.3927,1.1428,2335
96.9,-0.4943,1.4059,2268
89.2,-0.6997,1.1593,1572
98,-1.0765,1.1702,2198
98.3,-0.4783,1.2177,2339
85.9,0.7917,-0.0787,NA
99.5,-0.3406,1.1681,2358
88.3,1.0568,-0.1031,2921
99.1,-0.4781,1.4361,2449
88.9,0.7432,-0.0874,2934
98.8,-0.7381,1.493,2420
98.6,-0.5,1.3636,2426
89.8,1.0117,-0.2053,2913
99.2,-0.4538,1.3187,2411
98.6,-0.6835,1.3182,2400
89.8,0.4594,0.0785,2736
98,-0.6126,1.3861,2481
96.9,-0.5444,1.2988,2587
89.6,0.7044,-0.2859,NA
91.9,0.5606,-0.0283,2782
99.6,-0.4543,1.4676,2541
88.1,0.7981,-0.3013,NA
97.4,-0.62,1.4022,2463
99.2,-0.3213,1.3975,2338
86.6,1.2082,-0.4177,2925
87.5,1.1269,-0.3061,3053
88.6,0.7705,-0.1557,2956
87.7,0.8658,-0.4431,3069
88.9,1.0447,-0.0852,3036
98.7,-0.4405,1.2281,2393
89.8,0.8595,-0.2371,3004
87.5,1.0581,-0.2891,2902
88.6,1.0257,-0.4261,3084
88,0.9784,-0.2675,2995
89.1,0.7123,-0.0343,2842
89.1,0.6492,0.0921,2860
87.2,-0.6708,1.0294,1597
98.3,-0.6325,1.2697,2376
97.7,-0.7443,1.2837,2204
98.7,-0.5176,1.259,2248
98.4,-0.5175,1.2242,2309
87.4,-1.0516,0.4799,1648
88.5,0.7875,-0.2093,2825
84.8,-0.7644,0.5093,2858
88.8,0.8711,-0.2326,NA
88.4,0.81,-0.2418,3104
86.4,0.723,-0.2878,2938
88,-0.8753,0.8345,1682
98.8,-0.6078,1.3586,2445
98.5,-0.5037,1.3091,2332
89.4,-0.857,0.573,1674
98.3,-0.2832,1.3614,2406
87.7,1.2875,-0.1785,3064
97.9,-0.4992,1.2528,2445
87.2,0.8696,-0.1252,2873
86.5,0.8857,-0.275,2939
88.4,-0.892,1.0252,1533
85.4,-0.923,0.8433,1483
97.4,-0.5834,1.3146,2390
98.9,-0.6011,1.3279,2542
98,-0.291,1.1598,2461
98,-0.7065,1.3099,2447
98.3,-0.6057,1.2606,2507
86.1,1.2046,-0.189,3046
89,-0.9885,0.8187,1668
89.3,0.6515,-0.2815,2997
88.6,0.5709,-0.1897,2873
97.9,-0.6259,1.4542,2584
86,1.0117,-0.2314,3145
86.2,1.0697,-0.3888,2924
98,-0.4859,1.4053,2492
88,0.8178,-0.1873,2910
86.7,0.8368,0.186,NA
97.3,-0.6075,1.5375,2524
96,-0.493,1.2265,2279
85.1,1.0984,-0.2899,3018
94.6,-0.682,1.2409,2327
87.8,1.135,-0.0691,2982
97.2,-0.5126,1.413,2354
98,-0.6914,1.2284,2341
97.6,-0.4826,1.4356,2380
88.1,0.7634,-0.3241,2778
98.2,-0.3672,1.1067,2462
87.7,0.9477,-0.4983,2982
97.4,-0.639,1.3699,2495
86.1,1.1766,-0.2654,3111
85.6,-0.8381,0.8677,1596
98.2,-0.5128,1.2219,2302
88,1.0173,-0.5161,2891
98.5,-0.6993,1.1797,2407
87.2,0.7935,-0.2404,2990
87.6,0.9142,-0.3621,2954
97.9,-0.8844,1.134,2443
89,-1.1912,0.6003,1668
97.7,-0.7059,1.2642,2380
96.3,-0.5657,1.3768,2441
99.5,-0.6857,1.439,2411
87.9,0.6784,-0.3559,2834
98.4,-0.6264,1.4273,2354
98,-0.4206,1.4855,2313
97.5,-0.887,1.287,2404
86.5,-0.9993,0.7559,1706
95.4,-0.7019,1.3689,2309
86.9,0.9675,-0.1723,3047
97.9,-0.5985,1.3225,2428
87.4,-1.2682,0.8197,1620
87.2,0.7144,-0.2216,2879
97,-0.609,1.5011,2392
90.4,-0.9699,1.3344,1903
99.2,-0.7652,1.4737,2466
95.2,-0.6224,1.4805,2406
98,-0.6072,1.4245,2450
85.6,-0.8552,1.262,3199
86.5,0.8312,-0.4319,2831
87.6,-0.713,1.2321,1706
88.1,0.8042,-0.2722,NA
98.2,-0.4179,1.3366,2436
96.6,-0.7696,1.0097,2306
97,-0.7961,1.5152,2471
87.6,1.5355,-0.0489,3111
98.9,-0.8273,1.6161,2555
88.8,-1.4678,0.8223,1603
98.4,-0.8713,1.5519,2470
87.8,-1.4496,0.7874,1623
97.8,-0.8185,1.4143,2465
98.2,-0.4878,1.2658,2338
96.3,-0.5603,1.2133,2311
87.3,-0.9556,0.689,1371
89,-1.231,0.5504,1586
98.8,-0.6534,1.3222,2434
97.4,-0.5426,1.2489,2322
84.7,1.097,-0.5488,2932
95.8,-0.8403,1.2055,2262
88.5,-1.1132,1.2339,1859
87.8,0.8614,-0.1612,2968
98.6,-0.6366,1.2858,2321
87.6,-0.6853,1.0882,1659
87.3,0.9949,-0.0576,2861
98.5,-0.8196,1.3748,2613
87.9,1.0975,0.0268,3080
98.2,-0.8869,1.5199,2512
89.7,-1.1239,1.1943,1807
88,-0.9682,1.2601,1863
96.6,-0.7473,1.5645,2456
89.5,-1.1659,0.5818,1697
87.8,-1.1637,0.8944,1710
88.5,1.0203,-0.2636,3032
88.7,-0.8948,0.846,1766
88.3,-0.9341,0.9557,1694
88.5,0.7203,-0.1851,NA
96.3,-0.7364,1.4303,2310
99,-0.559,1.6394,2517
97.6,-0.3816,1.34,2424
98.3,-0.5187,1.3778,2314
90.3,-1.2153,0.6616,1677
87.1,-0.8225,1.1091,1490
86,0.951,-0.3118,2969
88.8,-0.882,0.8046,1587
98.4,-0.1081,1.3265,2369
87.3,-0.7338,0.9844,1599
87.4,0.8082,-0.411,2926
98.9,-0.494,1.3321,2455
89.2,-1.0038,0.8444,1775
97.8,-0.6971,1.2319,2299
98.3,-0.7025,1.1496,2295
97.8,-0.3232,1.2872,2362
88.6,0.822,-0.4213,3015
99.3,-0.7362,1.3405,2431
98.3,-0.7088,1.3955,2398
99,-0.7214,1.2663,2379
98.5,-0.5901,1.4684,2290
97.6,-0.8188,1.5449,2506
87.9,1.0497,-0.0817,3156
98.3,-0.4461,1.2906,2386
98,-0.743,1.4496,2457
97,-0.5008,1.2951,2475
86.4,0.8743,-0.1892,2969
98.8,-0.5993,1.3295,2430
96.6,-0.6716,1.3767,2271
97.9,-0.5625,1.366,2455
97.9,-0.6668,1.4355,2442
97.7,-0.7423,1.2087,2283
89.1,-1.3048,0.7512,1721
96,-0.5162,1.0346,2420
97.2,-0.4071,0.965,2440
88.1,-1.1113,0.8103,1655
97.2,-0.3648,1.2016,2402
85.7,1.0293,-0.3168,2959
98.9,-0.531,1.3112,2323
98.8,-0.4005,1.4176,2383
98.1,-0.7625,1.4315,2451
97.6,-0.4753,1.3611,2507
86.8,1.0763,-0.4018,3033
96.8,-0.6867,1.5194,2340
98.3,-0.7017,1.2471,2541
88.5,0.9765,-0.0254,2920
87.7,0.9362,-0.1894,2903
99.6,-0.4107,1.2386,2346
98.4,-0.3556,1.5341,2403
99.9,-0.5497,1.2934,2361
100.1,-0.4397,1.367,2418
99.1,-0.6725,1.3033,2503
99.7,-0.6626,1.4788,2458
99.5,-0.4554,1.3822,2482
99.1,-0.4161,1.3637,2474
99.3,-0.4493,1.2716,2437
90.7,0.7241,0.579,2829
99.2,-0.8736,1.3873,2337
99.4,-0.7341,1.3932,2416
98.9,-0.6814,1.448,2480
97.9,-0.7505,1.475,2386
97.9,-0.6758,1.2694,2376
96,-0.4136,1.3023,2344
98.5,-0.3291,1.324,2341
98.2,-0.25,0.9981,2338
96.9,-0.4553,1.3658,2300
86.8,-0.7843,1.0804,1479
86.6,1.054,-0.1297,2826
98.1,-0.5101,1.321,2235
98.1,-0.4675,1.4653,2424
99.5,-0.5029,1.4746,2587
91,-1.1625,0.8473,1658
99.3,-0.6188,1.5077,2467
88.5,0.6562,-0.089,2896
99.2,-0.4457,1.3848,2391
98.5,-0.3899,1.3014,2375
97.5,-0.5434,1.3242,2401
96.9,-0.2041,1.3014,2489
97.7,-0.3752,1.3025,2403
87.9,1.1625,-0.317,3023
89.2,0.9868,-0.3316,3062
100.2,-0.3478,1.1996,2424
89.4,0.8686,-0.2393,3105
90.3,0.8455,-0.3185,2968
89.8,1.0459,-0.0088,3051
91.5,0.7006,-0.0572,2815
99.5,-0.4302,1.3693,2387
99.4,-0.5953,1.4839,2493
98.9,-0.5729,1.475,2465
99.3,-0.7188,1.4983,2526
90.8,0.9417,-0.23,2974
100.1,-0.4495,1.4782,2391
99.7,-0.5414,1.5129,2480
97.6,-0.434,1.4622,2260
98,-0.6433,1.3504,2409
91,-1.1879,0.9008,1594
99.1,-0.584,1.481,2540
98,-0.6142,1.4352,2484
90.2,-1.0833,0.7597,1586
97.3,-0.5376,1.2514,2368
98.9,-0.4211,1.5321,2522
97.9,-0.5582,1.5805,2514
100.6,-0.749,1.5396,2513
98.4,-0.6227,1.3086,2433
86.9,1.1987,-0.0262,3031
99.7,-0.4879,1.39,2544
91.4,0.7357,0.0024,3008
99.3,-0.7108,1.3743,2484
98.1,-0.5542,1.2075,2447
89.5,1.0454,0.291,2834
89.6,0.7512,-0.2396,2889
99.2,-0.4742,1.226,2349
99.2,-0.4995,1.2903,2314
98.7,-0.3519,0.9353,2448
99.2,-0.3625,1.348,2437
99,-0.4911,1.2449,2338
89.8,0.8242,-0.2886,3018
89.9,0.7401,-0.3311,2999
88.7,0.9451,-0.1936,2931
98.2,-0.3603,1.4349,2382
99.2,-0.5381,1.3604,2352
87.7,0.6865,-0.2067,2828
87.3,1.0968,-0.385,2971
88.8,0.7995,-0.2522,2984
98.8,-0.5867,1.5213,2559
99.1,-0.4917,1.3106,2414
98,-0.6109,1.3923,2437
96.4,-0.3893,1.3645,2435
88.8,0.9742,-0.2173,2954
98.9,-0.4002,1.4354,2546
89.7,-1.1146,0.7121,1628
88.3,0.8615,-0.0184,3021
97.5,-0.3767,1.4713,2378
98.6,-0.6129,1.3533,2509
88.3,1.0895,-0.6167,3063
98.5,-0.604,1.1794,2402
97.6,-0.2399,1.4693,2389
87.4,0.9355,-0.4239,3075
97.6,-0.358,1.3288,2366
88.4,0.8816,-0.1722,2883
88.9,0.7738,0.1939,2804
89,0.6426,-0.1831,2849
97.5,-0.3073,1.4187,2346
96.9,-0.3463,1.4204,2337
97.3,-0.2914,1.3945,2356
89.7,0.6266,-0.1235,2909
97.6,-0.5672,1.2729,2422
96.9,-0.4423,1.4299,2491
89,0.844,-0.1803,2970
99.5,-0.8089,1.4436,2381
98.5,-0.7771,1.3319,2381
97.4,-0.5431,1.3405,2381
88.9,0.9722,0.0196,2876
96.8,-0.6762,1.5648,2440
88.1,1.0459,0.326,NA
88.3,0.8333,-0.0852,3058
98.7,-0.7549,1.2473,2401
98.5,-0.7605,1.3164,2329
98.5,-0.9406,1.3809,2499
89.9,-0.9831,0.851,1528
86,1.1959,-0.3609,3048
87.6,1.2221,0.1708,3212
99.1,-0.6772,1.3768,2522
87.5,-0.9966,0.8173,1656
87.2,1.262,0.112,3086
98.3,-0.8697,1.4574,2396
86.7,0.5243,0.3319,NA
86.7,0.5685,-0.1068,2850
96.3,-1.0049,1.2135,2336
98.2,-0.6869,1.3157,2292
88.5,0.8049,-0.3186,2991
89.2,0.6388,-0.1015,2977
97.6,-0.5783,1.463,2464
90.4,0.4583,0.0189,NA
88.7,-0.854,0.9863,1630
97.1,-0.6711,1.4317,2343
98.4,-0.6562,1.3936,2332
98.2,-0.4789,1.3093,2340
97.4,-0.7011,1.4049,2377
97.7,-0.5258,1.5009,2387
97.6,-0.6965,1.3092,2284
96.7,-0.5928,1.4122,2262
96.9,-0.8265,1.2773,2288
88.5,0.6555,-0.4239,2916
98.3,-0.8115,1.4504,2435
97.8,-0.7154,1.1857,2393
97.3,-0.7309,1.3506,2496
98.2,-0.6779,1.1834,2335
89,0.5294,-0.0768,2758
97,-0.8836,1.396,2298
97.4,-0.8394,1.2499,2335
98.7,-0.8735,1.249,2441
96.9,-0.6081,1.3085,2288
96.6,-0.6848,1.4306,2267
97.2,-0.6464,1.4392,2511
88.5,0.8019,-0.007,2919
86.4,1.0663,-0.4088,2974
99,-0.8089,1.3032,2451
98.7,-0.7553,1.4453,2324
89.5,0.9823,-0.0955,2860
98.4,-0.4858,1.2931,2429
87.3,0.714,-0.027,3006
89.5,0.4875,0.1113,3002
89.3,0.6134,-0.0923,2929
97.2,-0.6765,1.3915,2383
91.9,0.4932,0.304,2651
96.1,-0.5211,1.3744,2378
89.1,0.6282,0.007,2910
96.3,-0.5794,1.4208,2374
99,-0.8141,1.4059,2461
98.6,-0.9426,1.2274,2409
98.2,-1.0238,1.3608,2431
98.2,-1.2175,1.4533,2517
86.9,0.6342,-0.0217,2963
88.7,0.6444,-0.1912,3198
99.1,-0.8149,1.5586,2444
88.6,0.7793,-0.284,3099
87.8,0.7795,-0.3056,3009
97.4,-0.7073,1.5012,2551
89.1,0.5877,0.1356,3195
88.6,0.6124,0.0022,2997
90.7,0.6992,0.156,2873
87.8,0.8099,-0.0224,3084
88.8,0.5304,0.0025,2931
88.4,0.8581,-0.4997,2943
97.9,-0.5806,1.172,2475
89.4,0.739,-0.217,NA
90.1,0.6306,0.0219,3005
98,-0.4009,1.4266,2284
97.7,-0.8837,1.2026,2421
99,-0.7323,1.3552,2303
88.6,0.7998,-0.0191,2946
88.4,0.6602,0.0667,2819
98.4,-0.7403,1.3672,2437
90.4,-1.0655,0.9177,1719
98.6,-0.789,1.4869,2382
98.1,-0.6847,1.3283,2368
99.2,-0.6724,1.2797,2415
90.8,-1.2105,0.9352,2040
99.2,-0.6239,1.3332,2463
90.2,0.5019,-0.0417,NA
98.5,-0.6445,1.328,2422
96.9,-0.6403,1.4851,2335
88.2,0.9434,0.1575,2911
86.2,1.1377,0.1438,2802
97.6,-0.5223,1.2805,2209
97.9,-0.6735,1.2559,2425
87.8,0.7421,-0.2827,3033
89.4,-1.4656,0.8266,1745
88.3,0.6085,-0.134,2775
97.9,-0.5421,1.582,2360
86.6,0.8639,-0.3875,3052
88.4,0.7503,-0.2972,2921
97.2,-0.834,1.395,2401
96.5,-1.1739,1.4103,2366
88.6,0.8174,-0.1158,2616
98.5,-0.5839,1.4659,2355
99.7,-0.5043,1.4348,2374
98.1,-0.6886,1.3919,2352
98.4,-0.5113,1.4566,2409
86.3,-1.0652,0.9729,1696
97.8,-0.868,1.3123,2323
90.3,-1.4019,0.7233,1828
86.3,-1.2001,0.8723,1543
87.6,0.9337,-0.0259,2944
97.6,-0.7396,1.4426,2354
99.1,-0.6682,1.4882,2521
99,-0.8972,1.3491,2449
88,0.9791,0.0547,2855
98.7,-0.8877,1.3272,2323
97.9,-0.4415,1.3837,2286
97.3,-0.6285,1.2159,2227
99.4,-0.4136,1.2875,2334
99.6,-0.6397,1.3164,2491
89.4,0.5822,0.0906,2981
86.6,-0.7568,0.9691,1634
86.2,-0.6278,0.978,1578
99.5,-0.5902,1.2391,2399
99.5,-0.6985,1.3861,2416
98.8,-0.7945,1.1985,2323
89.9,-1.1593,0.7922,1741
87.1,-1.0207,0.3938,1482
89.1,0.4358,-0.0279,2697
88.8,0.7008,0.1029,2736
98.6,-0.8189,1.1128,2534
98.5,-0.4713,1.3233,2382
98.2,-0.7048,1.489,2493
98,-0.8406,1.1585,2377
99.3,-0.389,1.586,2428
91.1,-1.569,0.4703,1838
89.1,1.0168,0.2495,3105
99.1,-0.6431,1.2588,2475
99.6,-0.7723,1.2334,2380
99.2,-0.7489,1.2451,2411
91.2,-0.9756,0.8577,1881
99.4,-0.6566,1.4717,2463
89.3,0.6806,0.0539,3059
89.4,0.7133,-0.1753,2962
89.8,0.7128,-0.2233,NA
99.6,-0.7188,1.16,2393
97.8,-0.53,1.4614,2444
99.6,-0.9862,1.2566,2359
89.3,0.8815,0.1374,3094
98.7,-0.9925,1.5578,2360
100.2,-0.9544,1.4506,2370
99.4,-0.8501,1.3457,2391
97.8,-0.8633,1.5109,2461
89.3,0.5892,-0.1397,3000
97.7,-0.9891,1.3072,2415
99.5,-0.7918,1.4277,2451
88.5,0.6037,-0.1667,989
89.4,0.802,-0.0072,2936
86.9,-1.2756,0.7117,1719
87.1,-1.0934,1.0816,1757
88.3,-0.7336,1.2324,1635
89.1,0.8029,0.0309,2855
98.2,-0.7913,1.4398,2440
89.9,0.6784,-0.1798,2833
89.3,-1.253,0.8648,1663
86.8,-1.2647,0.8767,1719
86.6,0.8839,-0.1179,3039
99.9,-0.7093,1.443,2527
89.8,1.1176,-0.0872,3079
98.5,-0.8165,1.404,2354
99.3,-0.8233,1.3941,2386
89.1,0.6392,0.0284,2826
87.4,0.9303,-0.3435,2997
99.3,-0.4063,1.429,2493
91,-1.2115,0.7715,1750
87,0.6021,-0.1602,2829
87.7,0.8234,-0.2052,3041
88.5,0.7939,0.1116,2868
96,-0.6971,1.3716,2399
89.9,-1.1769,0.9296,1836
88.4,-1.4221,0.968,1724
99.1,-0.9727,1.3151,2399
98.8,-0.5231,1.3908,2379
98.2,-0.4657,1.2422,2430
88.9,0.8352,-0.0932,2944
89.5,0.6687,-0.1062,2996
89.8,0.4882,0.1414,2929
97.9,-0.7854,1.1715,2262
99.1,-0.365,1.4933,2468
90,-0.9387,1.0707,1732
98.5,-0.3462,1.5146,2485
96.5,-0.7038,1.4365,2408
89.1,0.7644,0.1734,2968
98.5,-0.1722,1.3263,2303
89.5,0.7199,-0.1746,NA
97.3,-0.7025,1.518,2416
98,-0.6714,1.3698,2335
88.2,1.1068,-0.0112,NA
87.5,1.0654,-0.1591,2914
97.4,-0.4493,1.2314,2356
97.8,-0.4953,1.1593,2302
98.5,-0.4849,1.4136,2486
98,-0.4997,1.3145,2450
88.5,0.7268,-0.3443,2873
88.5,0.7355,-0.3016,2847
96.5,-0.5064,1.5406,2386
88.4,0.8005,0.0722,NA
97.9,-0.4216,1.1724,2312
97.2,-0.4427,1.2644,2275
96.5,-0.6843,1.2266,2289
84.4,-1.3054,0.6475,1602
96.4,-0.611,1.3899,2386
88.9,0.816,0.0053,3028
88,0.8405,-0.4051,NA
89,0.5775,-0.1633,NA
86,0.8617,-0.3996,3030
96.1,-0.4129,1.4005,2426
88.8,1.052,-0.2454,3003
97.4,-0.4325,1.5198,2429
88.1,0.8803,-0.3435,3075
87.4,1.0287,-0.4781,3116
88.6,0.8234,-0.2669,2938
89.4,0.6105,-0.1176,2916
87.1,1.1091,-0.3771,3026
98.3,-0.4027,1.3618,2366
88.8,0.7381,-0.2427,2900
97.7,-0.1102,1.34,2352
97.6,-0.5708,1.3363,2428
89.3,0.6494,0.0137,NA
88.2,0.7824,-0.1952,2979
86.6,0.7462,-0.2042,2987
89.2,0.8699,-0.0554,NA
87.2,0.8053,-0.3133,2845
85.7,-0.6348,1.0513,1419
92.1,0.3797,0.3712,2707
87.6,0.7416,-0.279,2948
98,-0.6294,1.4591,2438
85.3,1.0546,-0.4785,2887
97.3,-0.4945,1.4455,2424
90.5,0.4945,0.3408,2652
97.9,-0.5814,1.2375,2362
89.3,0.4706,0.3838,NA
89.1,0.6438,-0.1842,2739
97.5,-0.7017,1.428,2255
87.3,0.7786,-0.018,2847
89.5,0.3446,0.2964,NA
97.5,-0.3418,1.2325,2260
85.8,-1.3231,0.6774,1618
88.3,0.8132,0.002,NA
89.7,-1.0431,0.9038,1639
98.8,-0.7736,1.1602,2387
97.2,-0.6391,1.4474,2431
96.2,-0.554,1.4916,2319
90.9,0.4741,0.1951,2777
97.7,-0.5269,1.4578,2343
97.1,-0.6597,1.4321,2427
85.1,0.8983,-0.4512,2978
97.5,-0.5225,1.2911,2385
97.9,-0.4788,1.3529,2308
92.2,0.4887,0.2699,2672
97,-0.3525,1.4462,2255
85.2,0.6842,-0.6822,2959
97,-0.7966,1.3287,2296
89.6,0.8348,0.0434,2868
96.3,-0.7266,1.4206,2275
98.5,-0.453,1.4884,2465
98.7,-0.4604,1.4871,2374
87.6,0.7271,-0.3925,3011
87.7,0.7924,-0.2508,2908
88.1,0.7339,-0.2621,2953
97.1,-0.2652,1.2828,2326
87.4,0.5065,-0.2074,NA
96,-0.3911,1.3931,2293
85.9,-0.5481,1.0728,1535
96.7,-0.3593,1.3373,2159
96.8,-0.4517,0.9542,2211
88,0.5057,-0.0398,2814
98.1,-0.573,1.6282,2439
87.2,0.8323,-0.383,3007
97.6,-0.6309,1.3139,2262
97.3,-0.4172,1.4863,2362
87.2,-0.8815,0.9548,1492
86.8,0.5358,-0.1941,2807
95.1,-0.3718,1.4483,2215
96.5,-0.3946,1.3811,2205
97.4,-0.4953,1.3346,2296
89,0.7755,-0.294,2876
96.8,-0.3344,1.264,2497
88.7,0.6142,0.1843,2844
97.1,-0.4343,1.3572,2308
84.8,1.0027,-0.5097,2948
96.1,-0.1576,1.3392,2279
97,-0.3402,1.095,2167
97,-0.418,1.3575,2201
96.1,-0.2737,1.3447,2196
96.2,-0.3651,1.4402,2217
86.3,0.8774,-0.3134,2789
98.3,0.0285,1.436,2444
88.2,0.8897,-5e-04,3074
98.1,-0.3537,1.4916,2487
98.7,-0.3024,1.3037,2324
84.5,1.3116,-0.6386,2890
98.7,-0.36,1.2351,2405
86.4,0.8878,-0.3951,2982
99,-0.3363,1.2142,2302
98.8,-0.4389,1.3171,2227
98.1,0.0311,1.2559,2266
98.3,-0.3182,1.2647,2303
88.3,0.6863,0.0714,2894
98.6,-0.592,1.3167,2257
99.1,-0.6779,1.4008,2326
87.9,-0.7123,0.7731,1458
98,-0.46,1.3937,2333
96.5,-0.4229,1.1956,2375
87.2,1.1727,-0.5326,2931
86.7,1.4525,-0.601,3098
99.5,-0.5457,1.1845,2394
98.6,-0.7875,1.3093,2442
85.5,0.8476,-0.3873,2828
98.2,-0.6994,1.2573,2374
97.9,-0.4379,1.2502,2362
85.1,1.168,-0.5421,3038
87.6,1.1992,-0.2239,3018
90.6,-1.0716,0.7669,1712
99.5,-0.5753,1.4726,2498
98.9,-0.3736,1.1644,2431
88,1.1532,-0.4405,3107
88.3,0.7867,-0.2958,2974
100.1,-0.4408,1.1675,2439
99.3,-0.4986,1.1549,2331
99.9,-0.1791,1.4281,2496
87.8,1.3791,-0.0112,3081
99.3,-0.5589,1.1892,2359
88.7,0.8214,-0.2091,2991
91,-0.7888,1.4028,1605
87.8,0.703,-0.3397,2918
99.5,-0.5205,1.419,2531
87.9,0.9531,-0.4263,2940
86.2,1.022,-0.4338,3051
98.4,-0.3887,1.3665,2425
85.6,1.4827,-0.394,2999
97.8,-0.2453,1.3562,2445
89,0.8775,-0.0979,2954
86.4,0.7958,-0.1479,2938
84.9,1.0409,-0.4644,2993
80,-0.7964,1.0773,1443
90.3,-0.7482,1.0226,1531
88.6,0.8028,-0.351,2858
99.9,-0.4606,1.3069,2381
98.6,-0.3938,1.1905,2398
88.4,0.9465,0.0396,2961
88.3,0.8137,-0.3073,3004
98.1,-0.1654,1.3539,2398
99.1,-0.4458,1.4962,2480
89,0.9819,0.1231,2912
90.2,0.8678,-0.0053,2973
97.5,-0.4325,1.0685,2324
98.2,-0.4594,1.1175,2415
97.5,-0.6633,1.1673,2289
86.6,1.0503,-0.4265,2964
87.5,0.9647,-0.6378,3090
97.5,-0.6936,1.3483,2262
97.5,-0.5963,1.3118,2436
86.5,0.752,-0.2436,2778
89.1,-0.9353,0.7686,1707
96.8,-0.6241,1.2366,2277
97.9,-0.4241,1.4313,2364
96.3,-0.68,1.2754,2219
95.6,-0.4308,1.3387,2325
87.6,1.0259,-0.1003,3024
86.9,1.1769,-0.1842,3099
86.2,1.0538,-0.4072,3138
89.7,-0.8504,0.9944,1628
89.7,-0.724,1.0587,1775
97,-0.3074,1.3051,2364
83.3,1.428,0.0231,2949
88.8,1.0703,-0.2246,2969
86.6,1.0586,0.0213,3013
96.6,-0.7492,1.341,2405
88,0.8026,-0.3156,2877
97.4,-0.2071,1.2338,2364
83.3,1.1501,-0.6578,2923
97.5,-0.4449,1.1806,2266
86.3,1.1305,-0.7484,2956
97.9,-0.1128,1.157,2389
97.6,-0.3041,1.5099,2373
88.8,1.3449,-0.3506,2995
89.4,0.8495,-0.0808,1432
95.6,-0.5812,1.2353,2333
82.9,1.2394,-0.0958,2818
96.5,-0.3557,1.2484,2346
85.9,0.9977,-0.2463,2938
96.1,-0.1265,1.2745,2332
87.3,0.8025,-0.3384,2918
96.2,-0.5624,1.211,2246
97.1,-0.1033,1.3331,2372
86.7,-0.9727,0.5984,1453
87.7,1.1321,-0.4774,2880
95.8,0.0969,1.1856,2293
86.3,0.7348,-0.0049,2867
85.8,0.8182,-0.0485,2896
96.3,-0.5977,1.3108,2477
87,-0.8154,0.8621,1444
86.4,0.8584,-0.5895,2862
97,-0.438,1.2443,2340
97.1,-0.6189,1.1909,2352
86.8,0.8475,-0.4048,2878
95.3,-0.275,1.4737,2298
87.6,1.2402,-0.0513,3023
88.9,0.8895,-0.4107,NA
98.2,-0.0838,1.3234,2362
86.9,-0.5864,1.0712,1372
89.2,1.0265,-0.1827,NA
87.6,1.07,-0.241,2760
89,0.9873,-0.0272,2998
88.9,0.6977,-0.0039,2941
97.2,-0.3546,1.4095,2504
98.5,-0.5621,1.5506,2442
89.2,1.0288,-0.3318,2954
95.8,-0.6476,1.3573,2355
97.3,-0.6001,1.4878,2394
85.6,1.0759,-0.2572,NA
87.1,-1.1018,0.8768,1619
87.2,0.9932,-0.1124,3013
97.1,-0.4439,1.5595,2480
95.4,-0.3122,1.5573,2381
97.3,-0.3989,1.5695,2437
88.1,0.8394,0.0631,2941
88.1,0.7742,0.0607,3015
98,-0.7559,1.4341,2415
97.5,-0.4961,1.5581,2407
97.7,-0.5366,1.4597,2428
96.1,-0.6294,1.2759,2415
88.6,1.2736,-0.6643,3222
88.9,-0.8219,1.1359,1764
88.6,0.7945,-0.3573,2955
88.4,1.1428,-0.1447,3164
99,-0.75,1.4362,2468
98.5,-0.4548,1.3081,2418
88.3,1.0419,-0.0971,3066
89.3,0.8167,-0.1449,NA
98.6,-0.4082,1.0606,2554
96.9,-0.4431,1.5175,2320
88.3,0.9422,-0.4703,2939
91.5,0.7998,0.0223,2818
88.7,0.9576,-0.3462,3082
88,0.9681,-0.3007,2861
98.3,-0.5668,1.613,2524
87.9,0.878,-0.3429,NA
90.2,0.7016,-0.1616,2972
87.5,-0.3554,1.32,1618
96,-0.4744,1.3305,2312
81.7,-0.8055,1.0438,1497
84.8,-0.6263,1.1532,1646
88.5,1.0318,-0.1806,NA
99.2,-0.3083,1.3465,2338
85.4,-0.3808,1.0591,1453
89,0.5932,-0.0974,NA
85.4,-0.3934,1.2631,1595
88.9,0.8817,0.1657,2838
98.3,-0.3742,1.0523,2304
87.5,1.0098,-0.1379,2908
86.7,-0.872,0.8098,1515
89.4,1.0018,-0.274,NA
83.8,-0.8458,0.9068,1501
98.2,-0.3343,1.4848,2408
97.1,-0.181,1.6443,2363
89.6,0.8143,-0.0942,NA
87.9,0.9422,-0.2209,NA
97.8,-0.073,1.3833,2501
98.4,-0.3141,1.3416,2482
90.3,0.7692,0.0278,2712
97.5,-0.511,1.3581,2314
83.5,-0.518,1.0456,1546
95.5,-0.6299,1.3895,2208
88.4,1.2654,-0.0252,3198
98.8,-0.1349,1.2124,2347
98.8,-0.3256,1.2303,2407
97.9,-0.0584,1.318,2388
87.7,1.2635,-0.4538,3091
86.9,1.4548,-0.5045,3074
98.3,-0.2206,1.3511,2446
87.5,1.1348,-0.1727,2913
87.1,1.1479,-0.2448,3023
85.9,0.9476,-0.1854,2956
88.3,1.0131,-0.0286,3020
98.2,-0.2874,1.3951,2379
98,-0.457,1.4111,2454
87.3,0.978,-0.448,2893
97.3,-0.0343,1.2034,2312
88.3,0.7866,0.0135,NA
97.5,-0.1897,1.4789,2321
96.5,-0.5255,1.6708,2402
96.3,-0.6772,1.6344,2363
98.3,-0.1805,1.8045,2470
96.7,-0.3368,1.5732,2404
87.8,0.9635,-0.4107,2929
85.6,-0.4775,1.3569,1642
94.1,-0.4165,1.4156,2232
88.9,0.9661,0.3149,2972
96.1,-0.2658,1.5884,2413
87.9,1.168,-0.2297,2875
89.6,0.5422,0.2403,2904
98.8,-0.3425,1.3721,2405
98.4,-0.3094,1.2751,2409
97.3,-0.4187,1.3157,2346
95.3,-0.4281,1.1821,2182
95.9,-0.3812,1.2629,2351
96.2,-0.4307,1.3291,2380
95.2,-0.4988,1.3011,2363
96.3,-0.531,1.3446,2366
97.1,-0.3976,1.4961,2371
87.7,0.7794,-0.2655,2991
97.9,-0.7566,1.3841,2423
98.1,-0.7324,1.4715,2392
98,-0.7157,1.4443,2379
87.1,-0.8488,1.1517,1570
97.3,-0.7679,1.2715,2290
87.7,0.7766,-0.1229,2832
86.4,-0.8466,0.9708,1555
87,0.7673,-0.001,NA
81.6,-0.8574,0.8753,1455
88.3,0.6138,0.0086,NA
98.4,-0.5166,1.3114,2395
88.8,0.8054,-0.0607,2891
87.5,0.7477,-0.3682,2738
98.5,-0.6616,1.2278,2362
96.9,-0.6236,1.2515,2308
99,-0.8154,1.254,2362
90.2,0.7094,-0.0607,2873
96.9,-0.8088,1.3214,2291
88.2,0.62,-0.1868,NA
97.5,-0.7102,1.3234,2280
96.7,-0.5622,1.3963,2338
98.7,-0.4596,1.4793,2380
88.6,0.6348,-0.2189,NA
99,-0.6258,1.1802,2386
85.6,-0.4745,1.1873,1625
97.3,-0.3831,1.3351,2372
98.8,-0.7987,1.3754,2484
98.1,-0.6171,1.2316,2319
89.9,0.5908,-0.1055,2777
98.1,-0.7205,1.3994,2337
98.5,-0.5782,1.4034,2384
88.1,0.6421,-0.054,NA
88.6,-0.8624,0.9066,1622
89.9,0.5887,0.0168,2854
88,-1.079,0.8704,1655
88.8,0.4388,0.0213,2880
99.2,-0.9104,1.4438,2428
98.9,-0.8682,1.3378,2435
97.7,-0.8384,1.4348,2422
87.1,-0.9017,1.1414,1726
86.1,-0.9213,1.116,1590
89.6,0.3781,0.3274,2890
98.3,-0.8225,1.2336,2276
97.1,-0.6636,1.3415,2442
98.5,-0.6023,1.301,2293
99.1,-0.6284,1.3911,2376
98.9,-0.5377,1.4264,2501
89.7,0.7848,-0.1054,2737
98.8,-0.6123,1.3175,2406
89.2,-1.1073,0.8436,1679
89.8,0.6333,-0.3831,NA
89.1,-0.7785,1.2798,1889
89.7,0.6607,-0.2159,NA
98.7,-0.7558,1.4489,2453
88.5,0.9924,-0.138,3128
88.1,-0.8129,1.0748,1759
97.7,-0.5234,1.2838,2371
89.6,0.6241,-0.1716,2852
98,-0.6466,1.4761,2476
86.3,-0.9621,0.9042,1617
96.9,-0.58,1.1921,2372
89.1,0.6624,-0.0527,2818
89.3,0.6624,-0.1121,2922
96.8,-0.3092,1.342,2325
89.6,0.6204,-0.0615,NA
97.6,-0.6088,1.3604,2443
96.7,-0.4766,1.3766,2432
96.5,-0.6258,1.4829,2391
88.2,1.0567,-0.1393,3023
97.4,-0.8621,1.3972,2512
98.3,-0.6372,1.4075,2559
91.3,0.6722,0.0024,NA
97.4,-0.8604,1.3287,2452
97.4,-0.4377,1.4986,2472
98.2,-0.8999,1.4082,2520
98.7,-0.651,1.5429,2506
87.4,-0.9193,1.0462,1726
88.9,-0.7662,0.9657,1604
98.1,-0.858,1.3741,2470
87.9,0.7703,-0.4125,3027
98.5,-0.4019,1.374,2317
88.9,0.5754,-0.1376,NA
97.6,-0.5224,1.309,2409
97.1,-0.5755,1.4088,2357
97,-0.5836,1.5809,2287
90.4,0.7113,0.1112,2735
89.2,0.6265,-0.168,2832
87.1,0.7855,-0.3317,2789
98.3,-0.6341,1.3698,2345
88,0.7209,-0.3372,2800
89.5,-0.9862,0.8669,1591
87.1,-0.8849,1.0962,1581
95.1,-0.5363,1.2211,2258
89.4,0.9299,-0.0692,3005
90.1,0.7059,-0.0407,2858
97.4,-0.4492,1.5453,2285
96.5,-0.2526,1.4003,2271
88.6,0.8852,-0.394,3118
89,0.9358,-0.2097,2946
90.5,0.7376,0.2732,952
88.3,0.7431,-0.2314,2909
89.4,0.5851,-0.0579,2759
88.7,0.6539,-0.2288,2949
89.5,0.5976,-0.0119,NA
97.5,-0.5717,1.3121,2367
90.5,0.3588,0.1107,2740
90.3,0.6075,0.2952,2643
97.9,-0.6469,1.2122,2327
97.3,-0.6543,1.4362,2423
94.7,-0.6325,1.243,2306
97.3,-0.3731,1.2358,2389
98,-0.5435,1.4458,2420
88.8,0.838,-0.0475,3006
89.5,0.54,-0.1038,2740
96.8,-0.6081,1.4405,2524
96.3,-0.5136,1.396,2443
97.5,-0.7817,1.334,2449
90.3,-0.8438,0.9242,1718
98.3,-0.7139,1.2558,2501
87,-0.8305,0.7612,1576
96.1,-0.6776,1.4135,2488
97.4,-0.8397,1.3241,2409
87.6,1.099,-0.1566,3053
98,-0.5966,1.2695,2467
90.3,-0.6622,1.0608,1758
97.7,-0.6799,1.2937,2542
96.9,-0.5826,1.2409,2446
87.6,0.6491,-0.3642,3069
87.6,0.8892,-0.1662,2992
96.7,-0.5776,1.1955,2475
96.2,-0.6388,1.3458,2329
98.6,-0.4634,1.1991,2376
97.7,-0.6277,1.1791,2375
87.9,0.876,-0.5147,3074
97.7,-0.486,1.3058,2363
89,0.7613,-0.381,2924
87.3,0.7436,-0.1659,3076
88.5,0.6099,-0.1258,3025
86.2,-0.9766,0.7871,1530
85.2,-1.0483,0.73,1692
87.7,-0.857,0.7647,1610
96.9,-0.4379,1.3163,2444
88.3,-0.6234,0.9765,1682
96.2,-0.4937,1.1528,2305
95.4,-0.3617,1.3408,2317
86.4,0.5419,-0.1229,2758
86.4,0.7695,-0.1849,2912
95,-0.6032,1.328,2566
97.6,-0.4803,1.2662,2568
84.9,0.7625,-0.4228,2980
87.9,1.2598,-0.0868,3147
98,-0.3,1.1954,2582
91.4,0.7732,-0.0081,2993
87.3,1.0598,-0.3349,3205
90.4,0.8305,-0.1276,3057
90.6,0.6904,-0.1426,3059
96.9,-0.5446,1.5132,2520
87.6,0.7062,-0.3863,2952
88.7,0.7881,-0.1425,3062
87.9,0.6114,-0.1432,NA
96.3,-0.2406,1.2735,2477
86.7,0.4651,-0.1607,2941
97.4,-0.5263,1.3213,2407
89.1,-0.7685,0.8435,1689
87.7,0.7321,-0.2129,1484
96.9,-0.5796,1.277,2534
97.4,-0.5774,1.3744,2430
89.4,-0.9004,0.9859,1743
96.7,-0.6984,1.3646,2498
95.3,-0.7029,1.2664,2491
96.9,-0.5171,1.3391,2528
96.7,-0.5872,1.3003,2436
96.1,-0.7032,1.2308,2470
96.2,-0.7335,1.4065,2467
86.1,-1.0439,1.0856,1602
89.3,0.6267,-0.1388,NA
97,-0.5393,1.5532,2396
98.1,-0.508,1.5932,2483
97.2,-0.6634,1.2197,2359
87.8,0.8488,-0.4127,2952
98.5,-0.6162,1.4363,2323
97.9,-0.4911,1.3386,2305
98.1,-0.2706,1.3051,2370
98.2,-0.628,1.4553,2289
87.1,0.8304,-0.3566,2850
97.6,-0.5383,1.4994,2381
98.1,-0.6707,1.3424,2381
90.8,0.6367,0.195,2597
97.6,-0.4271,1.483,2438
96.7,-0.7012,1.5092,2484
86.9,0.7189,-0.1681,NA
97.9,-0.3544,1.3796,2383
98.1,-0.8522,1.4754,2396
97.2,-0.6336,1.4834,2442
96.7,-0.7717,1.5597,2404
81.4,-0.918,1.0565,1469
89.3,0.5477,0.0355,2818
97.8,-0.3917,1.4198,2380
89,0.6553,-0.1176,NA
98,-0.4728,1.5477,2459
88.3,0.8077,-0.252,2894
96.7,-0.5341,1.6158,2309
86.7,0.6403,-0.1328,2827
86,-1.153,0.6474,1686
86.3,0.8012,-0.3605,2813
86.1,-1.1113,0.6123,1576
82.4,-0.7506,1.1565,1524
81.4,-0.6028,1.2092,1513
95.1,-0.7146,1.3695,2402
86,1.1365,-0.4334,3032
85.9,1.0878,-0.5864,2830
87.6,-0.7189,1.1673,1642
86.6,1.082,-0.494,2889
97.8,-0.6795,1.4987,2377
97.1,-0.607,1.4213,2381
96.7,-0.41,1.5304,2318
97.1,-0.5285,1.4972,2210
86.2,0.9709,-0.5304,2853
97.1,-0.67,1.4557,2358
97.2,-0.6317,1.4718,2333
96.8,-0.4422,1.1381,2316
85.8,-0.5839,0.9114,1557
89,-0.9657,1.2945,1744
96.8,-0.5256,1.4423,2430
87.7,0.8117,-0.1292,2781
94.9,-0.6052,1.6667,2398
89.8,-1.1013,0.9307,1698
86.4,-1.088,1.121,1567
86,0.9047,-0.2596,2854
96.9,-0.4416,1.5641,2534
86.1,-1.084,0.7862,1613
96.5,-0.2936,1.4987,2452
84.8,1.0415,-0.6962,2924
87,-1.0156,0.975,1647
85.4,1.2056,-0.2336,2927
97.3,-0.152,1.4098,2283
87.9,-1.2676,0.7508,1598
86.8,0.8846,-0.2619,2891
88.5,-1.1298,0.7799,1672
95.2,-0.4252,1.3522,2277
86.8,1.0245,-0.4782,NA
88.4,0.7933,-0.2531,2806
96.1,-0.4876,1.428,2261
97.8,-0.6021,1.4861,2345
89,-1.2856,1.0288,1703
87.9,0.8316,-0.4389,2792
86,1.4052,-0.3953,3046
96.4,-0.3298,1.5637,2488
85,1.3632,-0.3503,2845
86,-0.6149,1.2193,1610
97,-0.3858,1.5271,2360
86.9,-1.2081,1.0174,1638
95.9,-0.5873,1.5951,2467
83.8,1.507,-0.8531,2934
85.7,1.233,-0.3415,2935
96.2,-0.6353,1.5533,2492
96.4,-0.795,1.5127,2366
96,-0.5094,1.5466,2381
95.3,-0.2416,1.5283,2261
87.4,-0.9451,1.0209,1662
93.8,-0.6781,1.7578,2387
97.5,-0.5254,1.4066,2407
97.5,-0.2394,1.6095,2425
97.5,-0.3175,1.4081,2311
87.3,-1.4452,0.6485,1782
86.9,0.9349,-0.4538,NA
96.5,-0.5154,1.4904,2446
96.2,-0.578,1.5084,2399
87.2,0.9326,-0.475,2952
96.9,-0.4921,1.4544,2344
85.4,0.9368,-0.3437,2734
86.8,-1.1124,1.1598,1570
96.1,-0.6532,1.5033,2269
85.4,0.9089,-0.3172,2784
96.5,-0.4266,1.4436,2254
86.1,0.7532,-0.2678,NA
95.3,-0.3888,1.4166,2327
95.1,-0.564,1.4327,NA
95.7,-0.9351,1.3941,2322
95.4,-0.9306,1.4502,2334
86.2,1.0599,-0.5427,2826
99,-0.4074,1.337,2390
99.6,-0.5477,1.4221,2548
87.3,1.2982,-0.6322,2972
99.5,-0.591,1.4914,2539
88.5,0.9117,-0.3058,2886
98.9,-0.4784,1.5007,2396
90.9,0.7166,0.0544,2805
96.9,-0.4925,1.5248,2368
85.5,1.2659,-0.5535,2871
89.8,0.5986,-0.2169,2914
86.1,-0.9739,0.983,1653
98.9,-0.6283,1.6554,2480
89.4,0.7976,-0.2541,2924
82.9,-1.1062,0.9739,1684
99,-0.9286,1.4896,2341
84.8,-0.9809,0.8599,1573
98.4,-0.7035,1.4235,2430
90.4,-1.1619,0.5943,1796
96.2,-0.8054,1.3999,2400
87.1,-1.0019,0.8352,1674
87.4,0.8767,-0.2046,2823
87.2,1.5245,-0.0825,2895
85.8,-0.9866,0.9142,1723
99.7,-0.7355,1.3679,2306
87.4,-1.1956,0.6711,1839
85.4,-1.0992,0.7683,1710
88.8,0.829,-0.2758,2994
87.7,1.0032,-0.3425,2992
97.4,-0.6826,1.5061,2296
85.7,-1.2569,0.8303,1679
100,-0.6209,1.733,2501
89,0.8684,-0.1313,2866
89.8,1.1794,-0.1561,2939
99.9,-0.4046,1.5769,2388
99.2,-0.592,1.5018,2328
88.8,-0.9475,1.0948,1743
88.3,1.1431,-0.1764,NA
86.8,1.2184,-0.2002,3028
86.9,-0.9406,0.903,1667
85.5,-0.7192,1.1722,1698
87.3,1.4112,-0.0308,3060
88.2,1.0524,-0.1842,3014
97.8,-0.3442,1.5424,2505
86.1,-0.7686,1.2386,1695
86.9,0.9589,-0.3788,985
99.2,-0.5068,1.455,2415
98.2,-0.3496,1.5696,2454
88.2,-0.9751,0.832,1614
87.9,0.8916,-0.3453,3140
90.8,1.1127,-0.057,NA
87.5,1.1782,-0.3894,3101
90.3,0.8641,-0.3359,NA
98.7,-0.5895,1.3341,2346
99.2,-0.4744,1.3953,2503
98.3,-0.7576,1.3513,2434
88.6,1.1022,-0.2168,2889
87.4,-0.9697,1.262,1748
88,1.2799,0.0953,3050
89.1,0.6689,-0.1823,2728
86.9,-1.2222,0.6759,1674
97.9,-0.6471,1.3808,2441
93.4,0.375,0.3252,2649
86.8,1.0634,-0.0307,3121
88.5,1.0246,-0.0991,2913
97.4,-0.628,1.5551,2538
88.1,-0.7398,1.1271,1798
91.2,0.8146,0.0723,NA
89.9,-1.1573,0.7652,1776
87,1.2471,-0.0756,3037
98.5,-0.5843,1.4172,2458
88.6,-1.3073,0.6142,1762
97.3,-0.6012,1.6021,2560
98.2,-0.6462,1.4631,2499
85,1.0727,-0.4561,3085
96.5,-0.6079,1.749,2474
99,-0.2874,1.5567,2417
88.3,0.944,0.0351,3050
89.3,0.7868,0.1269,NA
98.3,-0.6796,1.6639,2486
98.6,-0.2923,1.6246,2478
89.3,0.9566,-0.4427,NA
96.7,-0.4705,1.4674,2319
87.5,1.5097,-0.5595,3033
98.5,-0.6152,1.467,2457
89.7,1.0293,-0.3926,3041
89.4,-0.9307,0.8053,1652
98.9,-0.5464,1.4698,2495
86.4,-1.0652,0.9201,1648
87.6,0.8768,-0.5011,2823
88.7,1.1782,-0.362,NA
98.5,-0.6233,1.4809,2499
89.3,0.7965,-0.4429,2962
88.9,0.7784,-0.3473,2927
86.9,-0.755,1.0004,1720
85.1,-0.8191,0.9161,1704
98.7,-0.703,1.6028,2376
98.4,-0.3854,1.3723,2435
89.6,0.72,0.0208,NA
89.4,0.8701,-0.1751,NA
96.9,-0.6365,1.4562,2378
98,-0.5377,1.3136,2420
89.8,-0.8538,0.921,1753
98.7,-0.496,1.2762,2368
98.6,-0.5569,1.5737,2403
98.4,-0.613,1.5539,2395
97.2,-0.3453,1.5222,2500
97.3,-0.7072,1.2332,2360
96.7,-0.7322,1.3824,2360
89.8,0.4622,-0.034,NA
99.4,-0.9657,1.399,2427
97.9,-0.8254,1.3704,2409
98.8,-0.8002,1.3421,2420
98.4,-0.816,1.3698,2406
98.4,-0.7196,1.4133,2393
89.6,0.5904,0.1162,2729
98.6,-0.6494,1.3213,2348
99.7,-0.8122,1.3417,2569
98.5,-0.967,1.2433,2311
99.2,-1.0201,1.2752,2435
98.5,-0.7628,1.4928,2427
90.3,0.5707,0.0862,2881
98.8,-0.4057,1.3999,2490
87.7,-1.0433,0.921,1709
99.4,-0.5585,1.4708,2493
99.8,-0.7489,1.3949,2430
98.6,-0.8581,1.221,2254
89.9,0.6406,-0.3956,NA
89.3,0.4394,-0.0369,1451
98.7,-0.857,1.2947,2372
88.6,0.8416,-0.3107,2947
96.7,-1.0575,1.1379,2312
89.7,0.6724,-0.1037,3020
89.3,0.5129,-0.0283,NA
89.7,0.5425,-0.0268,2661
97.5,-0.6438,1.3339,2227
88.7,0.4638,0.0526,NA
90.4,0.731,0.1085,NA
98.4,-0.5311,1.3477,2336
97.9,-0.7748,1.3936,2337
97,-0.7503,1.4273,2357
97.1,-0.5843,1.3752,2304
88.7,-1.0835,0.7284,1675
98.9,-0.7775,1.4058,2460
85.7,-1.2175,0.9644,1645
99.3,-0.7788,1.2653,2416
87.5,-0.8308,0.8259,1550
87.1,-0.9751,0.829,1550
89.2,0.4281,-0.1015,NA
98.5,-0.8487,1.1965,2364
89,-0.9469,0.8779,1721
87.4,0.6706,-0.227,2991
90.6,0.2894,0.1709,2650
99.5,-0.6616,1.2684,2613
98.4,-0.2894,1.2411,2375
96.3,-0.5837,1.1987,2297
87.8,0.8204,-0.1115,2948
98.6,-0.5518,1.522,2460
98.7,-0.8047,1.3516,2406
87.2,1.0601,-0.5084,3096
98.8,-0.662,1.2606,2482
88.3,1.0182,-0.3255,3110
88.6,0.756,-0.1773,3085
90.2,-1.136,0.8825,1618
89.8,-1.0223,1.0768,1733
99.4,-0.5888,1.358,2512
98.4,-0.5555,1.3424,2337
99.3,-0.3958,1.4086,2394
88.7,0.742,-0.1493,3004
99,-0.7418,1.0385,2297
89.3,-0.9332,0.9146,1496
89.6,-0.9738,0.7956,1684
98.1,-0.9712,1.349,2472
90.2,-1.2829,0.2739,3106
89.3,0.8609,-0.3025,3048
99.1,-0.5187,1.2532,2493
100.2,-0.5367,1.3742,2445
99.9,-0.5315,1.2409,2457
89.4,0.6129,-0.0796,2832
86.6,0.7496,-0.1499,2918
89.2,0.8258,-0.2899,2911
98,-0.8418,1.2904,2402
87.4,1.2645,0.05,3017
97.7,-0.7493,1.3403,2480
98.7,-1.0573,1.2457,2370
99.5,-0.8023,1.2553,2264
88.7,-1.0626,0.8378,1573
99.2,-0.8476,1.275,2422
88.4,0.6337,0.0848,2794
98.5,-0.8904,1.2533,2371
97.7,-1.0028,1.2444,2277
98.9,-0.7804,1.4191,2510
89.2,0.809,-0.345,3033
89.7,0.4013,0.3823,NA
96.6,-0.2867,1.3477,2297
87.6,0.3668,0.0074,NA
86.8,0.9762,-0.5955,2855
87.3,0.7201,-0.3457,2804
98.7,-0.6247,1.1928,2324
97.6,-0.5933,1.2037,2397
87.9,0.9618,-0.4336,NA
96.9,-0.6566,1.0651,2378
90,-1.0871,0.6631,1691
88.5,0.46,-0.1127,2744
98,-0.7692,1.1958,2432
89.7,-0.8917,0.9743,1692
96.5,-0.7525,1.4008,2398
97.8,-0.4841,1.2332,2411
88,-1.0439,0.6411,1362
96.2,-0.489,1.2091,2260
98.1,-0.615,1.4715,2373
97.4,-0.5823,1.4666,2411
88.9,0.478,-0.2287,NA
97.8,-0.6494,1.3937,2376
97.1,-0.6346,1.3604,2456
97.5,-0.6601,1.4229,2546
87.1,-1.0699,0.859,1630
86.9,0.964,-0.2393,2730
96.2,-0.4043,1.4192,2348
88.3,1.1258,-0.0453,2931
98.7,-0.7901,1.5333,2420
87.9,0.9264,-0.2558,2949
86.5,-1.1264,0.891,1622
85.7,1.0114,-0.2737,2989
87.9,0.8953,-0.21,2896
99.2,-0.5834,1.4677,2379
99,-0.8434,1.5445,2383
90.5,0.5828,-0.1201,3160
90,0.7357,-0.0212,2968
89.2,0.7592,-0.2614,2877
87.1,-1.1185,0.9424,1634
90.6,0.8048,0.1071,2773
90,0.569,-0.0047,NA
82.1,-1.0556,0.8537,1630
82.4,-0.6544,1.1325,1607
89.3,0.7532,-0.0429,3020
89.5,0.4984,0.0363,NA
96.3,-0.5488,1.5612,2362
88.7,0.5975,-0.11,2933
86.2,0.551,-0.1934,2794
88.4,0.8106,-0.152,2721
88.1,0.8017,-0.0214,NA
90.3,0.9384,-0.0947,2889
98.3,-0.415,1.4515,2542
88.9,0.7685,0.1147,2836
87.1,1.2482,0.0185,3031
89.2,0.7971,-0.1679,2952
97.8,-0.6048,1.3697,2296
87.3,0.9896,-0.7253,2930
85.9,-1.1067,0.7291,1640
97.5,-0.4332,1.3994,2351
87.9,1.2385,-0.4048,2833
98.3,-0.785,1.4447,2270
86.9,0.9054,-0.2052,2970
88.4,0.7371,-0.2341,2876
88.5,0.3915,0.2157,NA
88.6,0.9692,-0.1857,2970
88.5,-1.0948,0.8723,1738
98.3,-0.2531,1.5608,2415
98.2,-0.4555,1.3206,2425
98.2,-0.8513,1.356,2384
89.8,0.8377,-0.2421,2988
98.3,-0.5853,1.606,2591
97.9,-0.5154,1.3295,2396
84.4,-1.2657,0.592,1647
82,-0.9943,1.1032,1279
98.2,-0.9548,1.3988,2216
88,0.7678,-0.3997,3002
88.1,0.8437,-0.0024,3085
97.7,-0.4503,1.4454,2275
98.4,-0.5646,1.3325,2372
89.9,0.8455,-0.1345,2865
99.2,-0.6055,1.5303,2456
88,0.9326,-0.5054,2882
87.6,0.9205,-0.3062,3031
89.1,0.446,0.0598,2809
98.1,-0.6595,1.416,2475
89.8,0.8306,-0.3145,2916
97,-0.5446,1.4448,2335
98.2,-0.3118,1.5296,2392
88.1,0.9068,-0.2872,2776
88.7,1.0451,-0.1271,2773
98.4,-0.2795,1.5466,2379
97.9,-0.6697,1.3978,2365
97.1,-0.6664,1.5613,2300
91.4,0.389,0.3411,2661
84.2,-1.0191,1.0694,1682
98.3,-0.6319,1.4665,2294
89.3,-0.984,1.0519,1623
98.4,-0.4799,1.4148,2356
87.1,-1.076,0.9093,1702
87.3,0.8817,-0.3295,2958
87,0.8899,-0.1426,2966
98.1,-0.6116,1.268,2445
90,0.5465,0.2621,NA
97.2,-0.6886,1.5219,2314
86,-0.9339,0.9538,1654
98,-0.7075,1.4309,2241
89.5,0.7091,0.0186,2880
97.7,-0.7994,1.461,2463
87.2,0.8727,-0.3161,2897
87.7,0.8702,-0.1406,2882
86.4,0.9987,-0.3829,2889
90.9,0.5764,0.2515,2725
97.8,-0.6598,1.4758,2378
96.4,-0.8071,1.6278,2311
88.2,0.7357,-0.0705,2844
96.8,-0.7374,1.434,2288
87.7,0.6031,0.0329,2854
96.2,-0.437,1.3158,2341
96.9,-0.7603,1.3937,2374
95.8,-0.633,1.3786,2271
87.5,0.5406,-0.0603,2632
97,-0.5789,1.5498,2293
97,-0.655,1.5333,2269
89,0.9801,0.0455,2872
96.8,-0.6408,1.244,2190
89.7,0.3354,0.0883,NA
85,-0.8843,1.1209,1628
97.5,-0.5529,1.5788,2388
97.8,-0.9328,1.5849,2422
88.1,0.7742,-0.1013,3002
89.7,0.5209,0.0913,2740
97.4,-0.6685,1.6422,2420
97.7,-0.6982,1.7383,2369
87.9,0.5596,0.0123,2823
88.2,0.916,-0.1219,2817
97.2,-0.4222,1.339,2328
90.9,0.1118,0.4544,2534
96.8,-0.758,1.263,2264
89.1,0.5623,-0.2811,2744
88,0.7792,-0.0101,2911
97,-0.3945,1.2943,2339
87.5,0.7138,-0.0305,2847
87.2,0.9328,0.0732,3032
97.4,-0.5288,1.3629,2359
97.4,-0.2737,1.4142,2381
87.7,0.768,-0.2641,2826
85.8,-0.9793,0.8465,1661
89.2,0.8827,-0.2199,3084
90.6,0.543,0.117,2852
88.7,0.6823,-0.0809,NA
88.5,0.9928,-0.5499,2901
88.2,0.9851,-0.1695,2812
87.6,0.9717,-0.2407,2745
87.5,-0.9891,0.9505,1586
88.1,0.7659,-0.3541,2857
96.7,-0.3458,1.353,2273
96,-0.7738,1.3931,2265
98.6,-0.7092,1.2526,2370
98.9,-0.7447,1.3393,2384
99.3,NA,NA,2398
98.1,-0.3803,1.604,2452
90.1,-0.8283,1.234,1742
87.6,-0.7367,1.2764,1631
84.7,0.8132,-0.4262,2862
85.2,0.9664,-0.2755,2885
98.5,-0.3889,1.4788,2457
86,1.1942,-0.5403,2904
99.4,-0.6565,1.5035,2465
99.1,-0.6923,1.5528,2396
88,1.3119,-0.7733,3095
98.4,-0.6349,1.4859,2384
88.1,1.1527,-0.196,3159
88.5,0.9195,-0.0269,3020
87.5,1.359,-0.4659,NA
88.4,1.2033,-0.7618,2997
98.2,-0.5853,1.3123,2305
87.1,0.8342,-0.3963,2711
96.7,-0.6,1.3329,2227
87.4,0.8673,-0.472,2955
86.6,-0.935,0.9827,1653
98.8,-0.5707,1.4109,2352
86.4,-0.9114,1.0976,1636
96.7,-0.4455,1.5879,2334
96,-0.7973,1.4866,2405
86.4,0.9357,-0.3987,2996
87,-1.2368,0.9527,1428
87.7,1.0665,-0.1277,2950
98.3,-0.7392,1.3082,2205
88.6,-1.3837,0.6873,1600
87,0.8873,-0.3917,3020
87.9,0.9172,-0.4494,2925
98.2,-0.5902,1.7262,2362
88,0.8791,-0.4321,2885
89.9,1.1272,0.0149,2849
86.8,-0.9949,0.9332,1619
98.5,-0.4402,1.4993,2355
97.4,-0.4405,1.5587,2370
87,0.7924,-0.2293,2869
96.5,-0.7814,1.6433,2309
86.8,0.7954,-0.3548,2926
97.8,-0.7468,1.4198,2295
96.7,-0.6381,1.4265,2274
95.6,-0.6522,1.2217,2183
83.8,-0.8352,1.2873,1498
95.6,-0.4502,0.9318,2222
95,-0.3129,1.3619,2336
87.7,1.129,-0.2425,2927
89.5,0.6157,0.0847,2757
97.9,-0.5211,1.2478,2174
95.2,-0.7544,1.3614,2223
96.8,-0.6392,1.3721,2257
87.2,0.7277,-0.4328,3005
85.1,1.2735,-0.6403,3063
98.2,-0.7501,1.6354,2398
86.8,0.6583,-0.0046,2864
97.4,-1.2803,1.3096,2297
87.4,-0.9036,0.8116,1588
87.1,1.1556,0.1555,2929
95.7,-0.641,1.3624,2167
97,-0.7,1.2268,2257
88.5,0.6619,-0.2246,2893
97.9,-0.4857,1.408,2165
97.6,-0.5405,1.3978,2343
88.8,0.5485,-0.2354,2779
97.4,-0.9535,1.3209,2312
88,0.403,-0.0066,NA
98.2,-0.8864,1.3451,2354
85.6,-1.1692,0.9092,1644
97.2,-0.6734,1.501,2163
96,-0.6603,1.5904,2259
96.3,-0.6301,1.5076,2370
87.7,0.8427,-0.2644,2980
97.8,-0.7992,1.5307,2330
87.6,0.7831,-0.1759,2833
95.8,-0.7441,1.5283,2225
97.7,-0.5437,1.3379,2319
98.5,-0.7421,1.5474,2309
85.5,1.1247,-0.5645,2943
98.4,-0.3768,1.581,2312
97.4,-0.8205,1.3548,2297
87,-0.7912,1.0819,1631
95.9,-0.5461,1.6017,2445
96.4,-0.3595,1.4436,2237
96.6,-0.5995,1.5965,2352
95.8,-0.7311,1.1616,2242
98.6,-0.7793,1.1278,2274
96.6,-0.4071,1.4833,2275
97.1,-0.5788,1.4163,2294
84.3,1.2115,-0.2996,2940
86.9,1.171,-0.2457,3020
86,-1.5012,0.5102,1600
96.1,-0.6796,1.4811,2228
86.4,1.1504,-0.5878,3009
86.5,-0.8451,1.0142,1651
96.2,-0.7573,1.434,2424
87.3,1.1468,-0.3035,2796
98.3,-0.4683,1.49,2233
97.7,-0.3647,1.6324,2301
97.5,-0.5614,1.5626,2229
86.9,1.0825,-0.3052,2859
97,-0.697,1.5429,2373
87.2,1.0469,-0.1488,2972
84.8,-1.2579,0.8421,1587
87.4,0.8978,-0.3689,2831
97.8,-0.4194,1.4051,2285
86.9,0.7773,-0.2511,2801
86.3,1.2324,-0.3642,2952
96.9,-0.5432,1.2629,2236
87.1,0.6839,0.1526,2733
87.4,0.5967,-0.1394,NA
85.6,0.9186,-0.2137,2804
97.6,-0.5948,1.3579,2219
96.5,-0.9242,1.312,2192
98.2,-0.6015,1.3071,2313
86.7,0.9238,-0.1009,3106
88.5,-1.3183,0.2954,1617
96.7,-0.6504,1.6215,2270
98.6,-0.8352,1.5866,2406
86.6,0.7651,-0.5235,2883
86.6,0.8201,-0.6863,2896
98.1,-0.4461,1.4014,2292
90.3,0.6067,-0.2081,2749
97.4,-0.4902,1.2693,2285
97,-0.4888,1.3547,2255
96.5,-0.3972,1.2766,2216
98.2,-0.3702,1.4046,2397
87.3,-1.05,0.8298,1607
87.2,1.0207,0.0653,2853
88,0.8858,-0.2058,2902
88.4,0.7546,-0.3792,2904
84.6,-1.2184,0.6697,1654
88.8,0.7747,-0.1506,2959
96.8,-0.727,1.1018,2219
89.3,-1.1003,0.6553,1648
96.8,-0.2699,1.3565,2263
87.7,1.2059,-0.4556,NA
86.9,1.0265,-0.2882,2934
87.1,0.6765,0.2798,NA
95.8,-0.4023,1.4336,2226
96.9,-0.4175,1.497,2351
85.4,-1.0789,0.9992,1718
86.1,0.8511,-0.1944,2800
86.9,-1.225,0.5191,1579
96.4,-0.8655,1.3329,2241
97,-0.4846,1.5255,2333
98.6,-0.3441,1.3756,2393
86.7,-0.8971,0.8446,1566
85.4,1.0791,-0.3264,3024
97.1,-0.7183,1.3312,2173
88,0.7103,-0.0469,2909
97.9,-0.7613,1.2951,2330
97.5,-0.4036,1.1978,2335
97.7,-0.7548,1.4585,2350
97.3,-0.653,1.1236,2328
87,0.7855,-0.1253,2851
99.2,-0.6326,1.3,2349
86.8,-1.3214,0.9134,1629
88.6,0.7897,0.2156,NA
89,0.6076,0.024,2800
88.5,0.9655,-0.1875,NA
96.6,-0.8514,1.5965,2420
88.2,0.7744,-0.3917,NA
98.4,-0.2968,1.314,2224
98.7,-0.5011,1.2905,2318
98.4,-0.4663,1.3634,2335
98.5,-0.3469,1.3463,2289
85.8,1.2621,-0.2534,2865
98.8,-0.4285,1.5386,2283
88.5,-1.2136,0.8452,1567
89.5,-1.2333,0.8723,1599
97.7,-0.4277,1.3134,2297
85.6,-1.1362,0.5315,1474
99.3,-0.5718,1.1808,2331
89.8,-1.1722,0.8788,1676
97.9,-0.5981,1.2016,2251
96.1,-0.4806,1.2269,2163
87.5,0.8329,-0.1666,2705
95.9,-0.6985,1.4324,2106
96.7,-0.4307,1.2774,2229
96.8,-0.511,1.2667,2166
82.9,-1.0088,0.8043,1540
85.1,1.2546,-0.4445,2891
95.4,-0.5273,1.528,2382
96.9,-0.437,1.5567,2339
87.6,-1.2461,0.4821,1657
94.2,-0.5475,1.4144,2150
98.3,-0.4181,1.3798,2176
87.6,0.8872,-0.3257,2787
98,-0.2939,1.5482,2426
97.9,-0.4037,1.295,2412
98.5,-0.7079,1.4716,2271
97,-0.5141,1.3797,2286
98.2,-0.523,1.4655,2292
98.4,-0.3588,1.507,2362
86.7,1.1614,-0.3078,2996
97.9,-0.6108,1.4998,2251
86,1.3571,-0.6303,2920
87.2,1.1895,-0.4073,2858
88.8,-1.2839,0.7392,1620
97.9,-0.4501,1.2388,2296
88.2,0.9153,-0.3213,2788
98.4,-0.2827,1.4643,2305
84.9,-0.8346,0.8093,1491
97.8,-0.2847,1.5088,2323
86.2,1.5054,-0.4097,3110
98.9,-0.6488,1.4625,2310
87.6,0.8149,-0.2802,2813
97.8,-0.8157,1.6307,2314
98.2,-0.772,1.7423,2403
97,-0.6855,1.5261,2281
88.2,0.733,-0.3089,2859
87.1,0.768,-0.379,2836
97.5,-0.3691,1.4338,2177
87,1.035,-0.3954,2946
98.4,-0.3602,1.3575,2197
84.8,-0.79,0.8881,1658
97.7,-0.6519,1.2048,2269
87.6,-1.265,0.9228,1762
97.9,-0.4279,1.405,2243
98.4,-0.5741,1.4607,2254
87.9,0.7603,-0.3396,2851
97.5,-0.2855,1.381,2321
96.9,-0.5437,1.4264,2248
NA,NA,NA,NA
99.1,-0.3796,1.4875,2389
88.3,1.0113,-0.2687,2940
98.2,-0.6031,1.4256,2298
97,-0.4935,1.3508,2264
99.4,-0.3993,1.3711,2171
98.9,-0.5092,1.4232,2157
98.9,-0.5184,1.5112,2190
87.8,-0.8884,1.0016,1564
98.5,-0.3991,1.3915,2258
97.9,-0.3366,1.2867,2158
99.1,-0.2698,1.1859,2210
86.4,1.1074,-0.3491,3017
89.5,-0.7991,1.0409,1478
87.5,0.7317,-0.3426,2870
99.2,-0.5197,1.1748,2266
86.4,-1.0209,0.8846,1550
98.1,-0.0408,1.2597,2266
87.2,0.6742,-0.2813,2750
97.6,-0.5896,1.4812,2233
96.9,-0.2224,1.4381,2287
97.4,-0.2208,1.429,2283
85.8,0.9551,-0.2512,2875
97.7,-0.619,1.4792,2386
96,-0.7223,1.3374,2258
83.4,-1.1572,0.8531,1568
86.3,0.7978,-0.3324,2847
82.8,-1.1942,0.6871,1593
94.9,-0.6476,1.4166,2276
83.7,1.3216,-0.3339,2859
96.7,-0.6628,1.4243,2202
96.4,-0.6294,1.0364,2218
87.1,0.8899,-0.2788,2709
84.8,0.8583,-0.3882,2785
96.5,-0.5933,1.3756,2309
95.7,-0.5134,1.5616,2339
86.5,1.0914,-0.4519,2947
98.1,-0.7292,1.0368,2342
97.6,-0.4132,1.3572,2340
84.3,1.3965,-0.0949,2838
98.5,-0.4572,1.2103,2308
98.7,-0.5876,1.3211,2255
86.1,0.9806,-0.3813,2931
85.5,1.012,-0.7454,2953
84.4,1.1454,-0.6689,2829
96.8,-0.2555,1.3641,2255
97.2,-0.4424,1.3677,2297
97.8,-0.6089,1.4638,2288
85.7,1.1343,-0.0767,2863
86.3,1.0163,-0.3662,2899
97.7,-1.0959,1.2715,2292
87.4,1.4205,-0.5447,2985
97.7,-0.8534,1.475,2425
86.9,1.5789,-0.194,2837
98.2,-0.9427,1.4534,2411
85.9,1.6653,-0.3448,3049
86.7,1.2857,-0.2073,2783
97.3,-0.8231,1.48,2291
96.4,-0.9611,1.4691,2337
96.8,-0.7566,1.3039,2284
98.5,-0.3247,1.3933,2316
91.5,-1.2134,0.6966,1816
96.2,-0.4395,1.3262,2241
88.9,1.0382,-0.1193,NA
97.2,-0.8894,1.4041,2362
97.5,-0.798,1.5374,2293
90.9,-1.2262,0.7856,NA
98.8,-0.7789,1.2707,2254
98.2,-0.4784,1.2859,2297
98.2,-0.7754,1.4251,2318
87.3,0.7614,-0.2841,2853
98.1,-0.6911,1.3966,2257
89.4,-1.1913,0.6642,1629
96.6,-0.7538,1.5519,2372
86.9,0.9247,-0.4613,2909
98.8,-0.5924,1.4264,2443
97.1,-0.402,1.1884,2372
97.3,-0.4104,1.2007,2338
97.7,-0.3127,1.4595,2379
97.5,-0.3732,1.2243,2365
87.3,0.6701,-0.1593,2713
85.1,0.766,-0.3177,2816
86.9,0.798,-0.268,2918
90.7,-1.2451,0.545,1718
96.3,-0.7366,1.3271,2298
95.9,-0.6105,1.4511,2369
86.2,1.4168,-0.127,3062
86.3,1.144,-0.0032,3058
85.8,1.2365,-0.1401,2856
87.5,0.8973,-0.361,2927
98.4,-0.5352,1.4073,2396
86.4,0.8364,-0.2475,2865
86.5,0.9737,-0.8564,2933
87.3,-1.0965,0.6592,1741
97.1,-0.4877,1.3957,2378
99.1,-0.4567,1.2075,2309
98,-0.5995,1.4805,2382
90.2,-1.2073,0.7811,1740
97.8,-0.8563,1.3791,2398
96.9,-0.7075,1.3871,2391
86.5,0.7634,-0.0609,2843
86.2,1.0486,-0.3439,2842
96.3,-0.9261,1.3922,2364
85.2,1.3388,-0.3116,2961
96.5,-0.8944,1.4446,2475
95.4,-0.9463,1.6421,2366
86.5,1.0455,-0.073,2973
98.3,-0.6609,1.4615,2442
97.7,-0.4555,1.4904,2412
87.3,0.7318,-0.2052,2820
87.4,0.8724,-0.2838,3051
96.2,-0.5861,1.3775,2292
85,1.1638,-0.5049,2952
84.4,1.0769,-0.3156,2942
84.6,0.9745,-0.5067,2963
96.6,-0.6117,1.1895,2302
89.9,-1.2855,0.5801,1776
97.8,-0.6281,1.5598,2377
86.3,1.0199,-0.7526,2984
98.8,-0.4741,1.268,2261
86.9,1.2214,-0.6733,2967
86.6,0.9093,-0.5723,2950
97,-0.6641,1.5751,2352
97.6,-0.7022,1.4454,2388
86.5,0.7994,-0.3342,2818
89.4,-1.0603,0.7645,1730
86.5,0.9955,-0.5056,3064
96.7,-0.6114,1.3831,2308
88.7,-1.0098,0.9606,1535
98.5,-0.8037,1.1224,2294
98,-0.4795,1.4358,2352
98,-0.5503,1.2352,2519
88.8,1.0015,-0.4166,3193
88.2,0.9154,-0.3615,3027
88.1,-1.3462,0.3561,1734
86,1.0696,-0.2171,2966
85.6,1.1134,-0.4046,3063
88.9,0.7584,-0.2108,2908
87.8,0.5269,-0.2563,2964
87.8,0.5312,0.0168,2890
97.3,-0.6248,1.4196,2416
86.6,0.9167,-0.3339,2981
89.1,0.7479,-0.0553,2996
85,1.3094,-0.3043,3029
98.2,-0.0579,1.1734,2341
85.8,1.0093,-0.5869,2966
98.4,-0.1467,1.4746,2358
88.1,1.0577,-0.4046,2938
87.2,0.7391,-0.4409,2964
89.7,-1.0311,0.9035,1623
98.8,-0.5554,1.4869,2448
96.9,-0.8926,1.2667,2347
97.3,-0.7261,1.3015,2458
89.2,0.7054,-0.2848,3198
98.1,-0.112,1.576,2301
87.3,1.1161,-0.4293,2964
87.3,0.9788,-0.0833,2886
87.6,0.9009,-0.6878,3023
86.7,1.0513,-0.0377,3081
87.8,1.0597,-0.0564,3132
99,-0.6484,1.34,2437
98.1,-0.4688,1.4306,2380
97.6,-0.7111,1.3095,2289
88.5,0.7806,-0.2151,NA
97.2,-0.6463,1.2744,2305
96.9,-0.4982,1.5325,2308
100.1,-0.6873,1.2074,2465
87.4,1.1996,-0.4965,3023
89.8,0.9725,-0.057,3032
98.4,-0.3268,1.2895,2412
87.2,1.1143,-0.4978,3090
89.3,-1.1986,0.6367,1778
87.5,1.0023,-0.2902,2964
99.7,-0.6413,1.2457,2281
88.8,0.7363,-0.2877,2970
86.9,1.2174,-0.4637,3030
88.2,1.0494,-0.1965,3071
86.4,1.1621,-0.0701,2919
98.3,-0.7492,1.2833,2396
97,-0.6981,1.3265,2389
87.2,1.3205,-0.0267,3162
97.3,-0.3657,1.319,2229
85.9,1.1171,-0.6219,3059
86.1,1.0367,-0.6954,3084
99.1,-0.3608,1.4201,2421
86.5,1.0369,0.0172,3129
87.4,0.7634,-0.1962,2991
88.4,0.9041,-0.2951,3081
87,0.811,-0.2269,2990
99.6,-0.6119,1.4534,2432
88.9,0.4475,-0.1069,NA
98.4,-0.5829,1.4071,2346
89.7,0.8689,-0.3239,2966
98.6,-0.5261,1.304,2234
90,0.5087,-0.1183,NA
97.2,-0.3521,1.2966,2285
97.5,-0.324,1.2611,2209
96.3,-0.153,1.3908,2224
97.7,-0.3514,1.3215,2240
97.4,-0.2696,1.3666,2201
97.4,-0.1695,1.4394,2203
91.7,-0.8576,0.9431,1558
87.2,0.628,-0.2971,2830
97.7,-0.5049,1.2134,2308
97.6,-0.3995,1.6031,2453
89.1,0.6973,-0.4938,2991
89,0.7135,-0.2455,2936
98.5,-0.4775,1.346,2382
88.7,0.8345,-0.4719,2900
98.6,-0.4868,1.4736,2404
100.2,-0.4306,1.5518,2415
98.4,-0.5974,1.3886,2382
98.1,-0.6665,1.35,2413
97.5,-0.3467,1.4385,2441
98.2,-0.8383,1.2402,2422
